predict,No,Yes,Churn
No,0.9964728951454163,0.003527091583237052,No
No,0.9834412336349487,0.016558736562728882,No
No,0.9929455518722534,0.007054476998746395,No
No,0.9813135862350464,0.018686426803469658,No
No,0.8941145539283752,0.10588545352220535,No
No,0.997464656829834,0.0025353524833917618,No
No,0.8864791989326477,0.1135208010673523,No
No,0.991838276386261,0.008161712437868118,No
No,0.9904362559318542,0.009563770145177841,No
No,0.9885069131851196,0.011493062600493431,No
Yes,0.7892922759056091,0.21070773899555206,No
No,0.9828013777732849,0.017198650166392326,No
No,0.986853837966919,0.013146172277629375,No
No,0.9973641633987427,0.0026358100585639477,No
No,0.9465665817260742,0.05343342199921608,No
No,0.970677375793457,0.029322637245059013,No
No,0.9736633896827698,0.026336615905165672,No
No,0.8051846623420715,0.19481535255908966,No
No,0.9968528747558594,0.0031471189577132463,No
No,0.9614107608795166,0.038589220494031906,No
No,0.9996741414070129,3.258297801949084e-4,No
No,0.9994407892227173,5.592184606939554e-4,No
No,0.999222993850708,7.770264055579901e-4,No
No,0.9856454133987427,0.01435460802167654,No
No,0.9978311061859131,0.002168915467336774,No
No,0.99750155210495,0.0024984432384371758,No
No,0.9996671676635742,3.328361490275711e-4,No
No,0.9915337562561035,0.008466256782412529,No
No,0.9797078371047974,0.02029218152165413,No
No,0.9966578483581543,0.0033421250991523266,No
No,0.9832246899604797,0.016775310039520264,No
No,0.9891545176506042,0.010845487006008625,No
No,0.992790162563324,0.007209815084934235,No
No,0.9968205690383911,0.0031794188544154167,No
No,0.9898712038993835,0.010128781199455261,No
No,0.9795919060707092,0.020408106967806816,No
No,0.9498276114463806,0.050172388553619385,No
No,0.9861464500427246,0.013853579759597778,No
No,0.9929826259613037,0.007017394993454218,No
No,0.9679862260818481,0.032013777643442154,No
No,0.9987428188323975,0.0012572070118039846,No
No,0.9747754335403442,0.02522459253668785,No
No,0.9993203282356262,6.796935922466218e-4,No
No,0.9996055960655212,3.943765186704695e-4,No
No,0.9992835521697998,7.164545822888613e-4,No
No,0.9605755805969238,0.03942444920539856,No
No,0.8507549166679382,0.14924509823322296,No
No,0.999494731426239,5.052569322288036e-4,No
No,0.9991658329963684,8.341704960912466e-4,No
No,0.9894177913665771,0.010582194663584232,No
No,0.9839656352996826,0.01603436842560768,No
No,0.9987362623214722,0.0012637422187253833,No
No,0.9939478039741516,0.0060522244311869144,No
No,0.9814193844795227,0.01858060620725155,No
No,0.9372886419296265,0.06271132826805115,No
No,0.9919767379760742,0.008023268543183804,No
No,0.9991896748542786,8.103518630377948e-4,No
No,0.9604978561401367,0.03950211778283119,No
No,0.9976491332054138,0.0023508507292717695,No
No,0.9818314909934998,0.018168505281209946,No
No,0.8439353108406067,0.1560646891593933,No
No,0.9338353872299194,0.06616459786891937,No
No,0.8598781228065491,0.14012189209461212,No
No,0.9784322381019592,0.02156774513423443,No
No,0.9541296362876892,0.045870374888181686,No
No,0.9795355796813965,0.020464444532990456,No
No,0.9920676350593567,0.007932363077998161,No
No,0.847636342048645,0.15236365795135498,No
No,0.9923924803733826,0.007607495877891779,No
No,0.9825806021690369,0.01741938851773739,No
No,0.9660202264785767,0.03397975116968155,No
No,0.9994458556175232,5.541290738619864e-4,No
No,0.9977079033851624,0.0022920945193618536,No
No,0.9885209798812866,0.011479008011519909,No
No,0.9494630098342896,0.050536997616291046,No
No,0.9730989933013916,0.026900986209511757,No
No,0.9466923475265503,0.053307630121707916,No
No,0.9921438694000244,0.007856156677007675,No
No,0.9902403950691223,0.00975961983203888,No
No,0.9952464699745178,0.004753557033836842,No
No,0.9987097382545471,0.001290279091335833,No
No,0.8539724946022034,0.14602750539779663,No
Yes,0.5996873378753662,0.4003126621246338,No
No,0.9953606724739075,0.004639348480850458,No
No,0.9983524084091187,0.0016475650481879711,No
No,0.998528003692627,0.001472019124776125,No
No,0.9967779517173767,0.0032220433931797743,No
No,0.9515054821968079,0.04849449545145035,No
No,0.9976155757904053,0.0023844356182962656,No
No,0.9891791343688965,0.01082087866961956,No
No,0.9967437982559204,0.003256183583289385,No
No,0.9996283054351807,3.717033250723034e-4,No
No,0.9859850406646729,0.014014988206326962,No
No,0.9694213271141052,0.030578698962926865,No
No,0.9852975010871887,0.014702515676617622,No
No,0.9941756129264832,0.005824378691613674,No
No,0.9908249378204346,0.009175065904855728,No
No,0.9959293603897095,0.004070613067597151,No
Yes,0.7776350975036621,0.22236491739749908,No
No,0.9940537214279175,0.005946264136582613,No
No,0.9968304634094238,0.003169512841850519,No
No,0.9427109956741333,0.0572890043258667,No
No,0.9661237597465515,0.03387624770402908,No
No,0.9870975613594055,0.012902454473078251,No
No,0.9818348288536072,0.018165184184908867,No
No,0.9632095098495483,0.03679049760103226,No
No,0.9783196449279785,0.021680355072021484,No
No,0.9986674785614014,0.0013325156178325415,No
No,0.9977673888206482,0.0022326218895614147,No
No,0.9995563626289368,4.4365806388668716e-4,No
No,0.9869056344032288,0.013094358146190643,No
No,0.9992175698280334,7.824431522749364e-4,No
No,0.975233793258667,0.02476622723042965,No
No,0.9518029689788818,0.04819703474640846,No
No,0.9427148699760437,0.05728510394692421,No
No,0.9933765530586243,0.006623441353440285,No
No,0.98531341552734375,0.01468659471720457,No
No,0.8666463494300842,0.13335365056991577,No
No,0.9959675073623657,0.0040324991568923,No
No,0.9969812631607056,0.0030187300872057676,No
No,0.9576992988586426,0.04230070859193802,No
Yes,0.6910169124603271,0.30898308753967285,No
No,0.9941020607948303,0.005897914059460163,No
No,0.9995448589324951,4.551599267870188e-4,No
No,0.9648568630218506,0.035143155604600906,No
No,0.9965366125106812,0.0034633660688996315,No
No,0.9941283464431763,0.005871650762856007,No
No,0.8638189435005188,0.13618104159832,No
No,0.9623776078224182,0.037622373551130295,No
No,0.9939671754837036,0.006032796110957861,No
No,0.9934065341949463,0.006593481171876192,No
No,0.9952476620674133,0.004752343986183405,No
No,0.9887673258781433,0.01123269647359848,No
No,0.9927311539649963,0.0072688451036810875,No
No,0.9771016836166382,0.022898336872458458,No
No,0.9981165528297424,0.0018834485672414303,No
No,0.9939570426940918,0.006042934954166412,No
No,0.8760164976119995,0.12398352473974228,No
Yes,0.4885624647140503,0.5114375352859497,No
No,0.9856955409049988,0.01430447306483984,No
No,0.9872904419898987,0.012709544040262699,No
Yes,0.7252101898193359,0.2747897803783417,No
No,0.9964331388473511,0.0035668653436005116,No
No,0.8609416484832764,0.13905832171440125,No
No,0.9879729747772217,0.012027012184262276,No
No,0.9915477633476257,0.008452258072793484,No
No,0.9988952279090881,0.001104755443520844,No
No,0.9902665019035339,0.009733493439853191,No
No,0.990710437297821,0.009289540350437164,No
No,0.9969785809516907,0.003021411830559373,No
No,0.98321533203125,0.0167846642434597,No
No,0.993248701095581,0.006751285865902901,No
No,0.9827262759208679,0.01727369613945484,No
No,0.9901717305183411,0.009828249923884869,No
No,0.9889423251152039,0.011057659983634949,No
No,0.8940401077270508,0.10595989972352982,No
No,0.9899033308029175,0.010096689686179161,No
No,0.9978193640708923,0.0021806226577609777,No
No,0.9981299042701721,0.0018701170338317752,No
No,0.9827610850334167,0.017238931730389595,No
No,0.980159342288971,0.019840678200125694,No
No,0.998538076877594,0.0014619025168940425,No
No,0.9951632022857666,0.004836806561797857,No
No,0.9812076687812805,0.01879233308136463,No
No,0.9894829988479614,0.010516976937651634,No
No,0.9924585223197937,0.007541475351899862,No
No,0.9787740707397461,0.021225929260253906,No
No,0.9988880753517151,0.001111948280595243,No
No,0.9845364093780518,0.015463602729141712,No
No,0.9728118181228638,0.027188200503587723,No
No,0.9955679774284363,0.00443199323490262,No
No,0.9949923753738403,0.005007653497159481,No
No,0.9974017143249512,0.0025983008090406656,No
No,0.9996482133865356,3.5177060635760427e-4,No
No,0.9858446717262268,0.014155320823192596,No
No,0.9906259775161743,0.009374010376632214,No
No,0.9907553791999817,0.009244648739695549,No
No,0.9804126620292664,0.019587315618991852,No
No,0.9906094670295715,0.009390536695718765,No
No,0.938369631767273,0.06163037568330765,No
No,0.9865995049476624,0.013400468975305557,No
No,0.9819138646125793,0.018086113035678864,No
No,0.9985303282737732,0.0014696443686261773,No
No,0.9962767958641052,0.003723174799233675,No
No,0.9851059913635254,0.014894003979861736,No
No,0.9949083924293518,0.0050916303880512714,No
No,0.9963445663452148,0.003655420383438468,No
No,0.9701277613639832,0.029872220009565353,No
No,0.99390709400177,0.006092891097068787,No
No,0.9871568083763123,0.01284321304410696,No
No,0.9912642240524292,0.008735770359635353,No
No,0.9956214427947998,0.0043785665184259415,No
No,0.9993396997451782,6.60291058011353e-4,No
No,0.8995052576065063,0.10049471259117126,No
No,0.9934801459312439,0.006519882939755917,No
No,0.9990136027336121,9.863689774647355e-4,No
No,0.9416549205780029,0.058345090597867966,No
No,0.9595091342926025,0.040490858256816864,No
No,0.9932234287261963,0.006776564754545689,No
No,0.9403964281082153,0.05960359424352646,No
No,0.9897382855415344,0.010261742398142815,No
No,0.960130512714386,0.03986949473619461,No
No,0.9981072545051575,0.0018927508499473333,No
No,0.9748950600624084,0.02510492131114006,No
No,0.9713903069496155,0.028609713539481163,No
No,0.996549129486084,0.0034508807584643364,No
No,0.9907999634742737,0.009200007654726505,No
No,0.9988018870353699,0.001198102138005197,No
No,0.9103887677192688,0.0896112248301506,No
No,0.9545855522155762,0.04541446268558502,No
No,0.9812944531440735,0.018705572932958603,No
No,0.9972804188728333,0.00271955830976367,No
No,0.859676718711853,0.14032331109046936,No
No,0.9973559975624084,0.0026439956855028868,No
No,0.8219771385192871,0.17802289128303528,No
No,0.9993007183074951,6.992991548031569e-4,No
No,0.9958352446556091,0.004164754878729582,No
No,0.9992753267288208,7.246913737617433e-4,No
No,0.8474438190460205,0.15255621075630188,No
No,0.9928534030914307,0.007146570831537247,No
No,0.9095311760902405,0.09046883881092072,No
No,0.9666010141372681,0.033398982137441635,No
No,0.9962639212608337,0.0037360787391662598,No
No,0.9665631651878357,0.033436812460422516,No
No,0.9233565330505371,0.07664348185062408,No
No,0.9975218176841736,0.0024781771935522556,No
No,0.9990501403808594,9.498830186203122e-4,No
No,0.984901487827301,0.01509850937873125,No
No,0.9775794744491577,0.022420521825551987,No
No,0.9259849786758423,0.07401502877473831,No
No,0.9483478665351868,0.05165211111307144,No
No,0.999179482460022,8.205136400647461e-4,No
No,0.9851358532905579,0.014864165335893631,No
No,0.9831188321113586,0.016881192103028297,No
No,0.9888671040534973,0.011132883839309216,No
No,0.9978485107421875,0.0021515111438930035,No
No,0.9774467945098877,0.022553201764822006,No
No,0.9973551034927368,0.0026449263095855713,No
No,0.9876096844673157,0.012390336021780968,No
No,0.996271014213562,0.0037289930041879416,No
No,0.9948640465736389,0.005135974381119013,No
No,0.9577717185020447,0.04222828894853592,No
No,0.9969587922096252,0.003041207790374756,No
No,0.9864447712898254,0.013555248267948627,No
No,0.9971820116043091,0.002817967440932989,No
No,0.9413025379180908,0.05869745463132858,No
No,0.984140932559967,0.01585904136300087,No
Yes,0.6861292123794556,0.31387078762054443,No
No,0.9962164163589478,0.003783600404858589,No
No,0.9993401169776917,6.598878535442054e-4,No
No,0.9381453990936279,0.06185457110404968,No
No,0.9980106949806213,0.001989328069612384,No
No,0.8983578681945801,0.10164213925600052,No
No,0.9906085133552551,0.009391511790454388,No
No,0.9916872978210449,0.008312731049954891,No
No,0.9428786039352417,0.057121392339468,No
No,0.9823411107063293,0.017658891156315804,No
No,0.9904255867004395,0.009574430994689465,No
No,0.9991489052772522,8.510724292136729e-4,No
No,0.9860514998435974,0.013948501087725163,No
Yes,0.74048614501953125,0.25951385498046875,No
No,0.9995584487915039,4.415565053932369e-4,No
No,0.974349319934845,0.025650665163993835,No
No,0.9961172342300415,0.0038827850949019194,No
No,0.9847220778465271,0.015277927741408348,No
No,0.998888373374939,0.001111597171984613,No
No,0.9621148705482483,0.037885136902332306,No
No,0.9989495277404785,0.001050458406098187,No
No,0.9421459436416626,0.05785407871007919,No
No,0.980720043182373,0.019279977306723595,No
No,0.9991900324821472,8.099534898065031e-4,No
No,0.9989874958992004,0.0010124924592673779,No
No,0.9012322425842285,0.09876774996519089,No
No,0.9983608722686768,0.0016391176031902432,No
No,0.9723020792007446,0.02769790031015873,No
No,0.9945909976959229,0.005408985074609518,No
No,0.9970908164978027,0.0029091862961649895,No
Yes,0.6527448892593384,0.34725508093833923,No
No,0.9612076878547668,0.038792334496974945,No
No,0.9900885820388794,0.009911390952765942,No
No,0.8515760898590088,0.1484239101409912,No
No,0.9974092245101929,0.0025907685048878193,No
No,0.9156319499015808,0.08436807245016098,No
No,0.8675855398178101,0.13241444528102875,No
No,0.99510657787323,0.004893430508673191,No
No,0.9979500770568848,0.0020499397069215775,No
No,0.854828417301178,0.14517159759998322,No
No,0.8620752096176147,0.13792477548122406,No
No,0.9649525880813599,0.03504742681980133,No
No,0.9983618855476379,0.0016381221357733011,No
No,0.9993277788162231,6.721935933455825e-4,No
No,0.9798399806022644,0.020160023123025894,No
No,0.9487003087997437,0.05129971355199814,No
No,0.9984094500541687,0.0015905321342870593,No
No,0.998976469039917,0.001023520715534687,No
Yes,0.6940580010414124,0.30594199895858765,No
No,0.9893683195114136,0.010631685145199299,No
No,0.9927784204483032,0.007221576292067766,No
No,0.9887980818748474,0.011201910674571991,No
Yes,0.5334336161613464,0.46656638383865356,No
No,0.9939234852790833,0.006076499819755554,No
No,0.9721843600273132,0.027815619483590126,No
No,0.9941630363464355,0.005836979951709509,No
No,0.9988146424293518,0.0011853633914142847,No
No,0.998539924621582,0.0014601043658331037,No
No,0.998008668422699,0.00199130573309958,No
No,0.9971463084220886,0.002853694139048457,No
No,0.9732547402381897,0.026745261624455452,No
No,0.9630569219589233,0.03694310039281845,No
No,0.9995368123054504,4.6321735135279596e-4,No
No,0.9939079284667969,0.006092062219977379,No
No,0.9818233251571655,0.01817665621638298,No
No,0.9985832571983337,0.001416761544533074,No
No,0.9994845986366272,5.153727834112942e-4,No
No,0.9841124415397644,0.01588757149875164,No
No,0.9471893310546875,0.05281069502234459,No
No,0.9749522805213928,0.02504771761596203,No
No,0.9950698018074036,0.004930196329951286,No
No,0.9955110549926758,0.004488964099436998,No
No,0.8704301714897156,0.12956982851028442,No
No,0.9622210264205933,0.037778954952955246,No
No,0.8987236618995667,0.10127635300159454,No
No,0.9925863146781921,0.007413687650114298,No
No,0.9955512881278992,0.004448688123375177,No
No,0.9988994598388672,0.0011005244450643659,No
No,0.9764398336410522,0.023560188710689545,No
No,0.9839135408401489,0.016086481511592865,No
No,0.9746706485748291,0.025329357013106346,No
No,0.9918946623802185,0.00810534879565239,No
No,0.9517578482627869,0.04824216663837433,No
No,0.9982759952545166,0.0017240190645679832,No
No,0.9688194990158081,0.031180528923869133,No
No,0.9963095188140869,0.00369048910215497,No
No,0.9851811528205872,0.014818819239735603,No
No,0.9992914795875549,7.085074321366847e-4,No
No,0.8346047401428223,0.16539528965950012,No
No,0.9996055960655212,3.943765186704695e-4,No
No,0.842397153377533,0.15760283172130585,No
No,0.9955492615699768,0.0044507537968456745,No
No,0.9636722207069397,0.0363277904689312,No
No,0.9952301383018494,0.004769890569150448,No
No,0.9967343807220459,0.0032656483817845583,No
No,0.8603058457374573,0.13969415426254272,No
No,0.9943615198135376,0.005638509523123503,No
No,0.98229217529296875,0.017707835882902145,No
No,0.9954138398170471,0.004586177412420511,No
No,0.9954618215560913,0.004538205452263355,No
No,0.9996432662010193,3.5674439277499914e-4,No
No,0.9761473536491394,0.023852646350860596,No
No,0.9941790699958801,0.005820909049361944,No
No,0.9698668718338013,0.03013312630355358,No
No,0.9899269938468933,0.010073008015751839,No
No,0.9953455924987793,0.004654392134398222,No
No,0.9910441040992737,0.008955877274274826,No
No,0.9991499781608582,8.500373805873096e-4,No
No,0.9985604286193848,0.0014395506586879492,No
No,0.9937143325805664,0.006285641808062792,No
No,0.9927864670753479,0.0072135329246521,No
No,0.9902672171592712,0.009732790291309357,No
No,0.8707534670829773,0.1292465478181839,No
No,0.9954155683517456,0.004584438167512417,No
No,0.9995293021202087,4.707183106802404e-4,No
No,0.9907059669494629,0.00929403118789196,No
No,0.9906269907951355,0.009372986853122711,No
No,0.9887213706970215,0.011278652586042881,No
No,0.9882529973983765,0.011747002601623535,No
No,0.9985496401786804,0.0014503732090815902,No
No,0.9991402626037598,8.597587002441287e-4,No
No,0.9968499541282654,0.0031500523909926414,No
No,0.9985634088516235,0.0014366043033078313,No
No,0.9972701668739319,0.0027298242785036564,No
No,0.8737913370132446,0.12620863318443298,No
No,0.9911384582519531,0.008861520327627659,No
No,0.9410956501960754,0.05890434980392456,No
No,0.9719643592834473,0.028035612776875496,No
No,0.8755331635475159,0.12446682900190353,No
No,0.974329948425293,0.025670038536190987,No
No,0.9533721804618835,0.046627845615148544,No
No,0.9991160035133362,8.839963120408356e-4,No
No,0.9920364618301392,0.007963509298861027,No
No,0.9932996034622192,0.006700397003442049,No
No,0.9976606965065002,0.002339325612410903,No
No,0.994110107421875,0.005889884661883116,No
No,0.9994974136352539,5.025980062782764e-4,No
No,0.9956018924713135,0.004398087039589882,No
No,0.9592279195785522,0.04077206179499626,No
No,0.9444787502288818,0.05552127957344055,No
No,0.9844785928726196,0.015521423891186714,No
No,0.9845744371414185,0.015425560064613819,No
No,0.9936602115631104,0.0063397930935025215,No
No,0.9758321046829224,0.02416788786649704,No
No,0.9601869583129883,0.03981305658817291,No
No,0.9945600628852844,0.005439945962280035,No
No,0.9945210814476013,0.005478894803673029,No
No,0.9881316423416138,0.011868377216160297,No
No,0.9432828426361084,0.05671713873744011,No
No,0.8625741600990295,0.13742583990097046,No
No,0.9995878338813782,4.121715319342911e-4,No
No,0.9050532579421997,0.0949467346072197,No
No,0.9981638789176941,0.0018361099064350128,No
No,0.9855780601501465,0.014421917498111725,No
No,0.9126211404800415,0.0873788446187973,No
No,0.9368717074394226,0.06312830001115799,No
No,0.9973315000534058,0.0026684743352234364,No
No,0.9659096002578735,0.03409038484096527,No
No,0.9990708827972412,9.291330934502184e-4,No
No,0.9869791269302368,0.013020857237279415,No
No,0.799906849861145,0.2000931203365326,No
No,0.9993351101875305,6.648979615420103e-4,No
No,0.9880677461624146,0.011932240799069405,No
No,0.9830477833747864,0.01695219799876213,No
No,0.983227014541626,0.01677299663424492,No
No,0.8317678570747375,0.16823214292526245,No
No,0.9897564649581909,0.010243558324873447,No
No,0.9747754335403442,0.02522459253668785,No
No,0.9958376288414001,0.004162364639341831,No
No,0.9881560802459717,0.011843914166092873,No
No,0.9978499412536621,0.0021500876173377037,No
No,0.97442626953125,0.025573713704943657,No
No,0.9825742840766907,0.017425714060664177,No
No,0.9971408247947693,0.002859194530174136,No
No,0.9837979674339294,0.01620202139019966,No
No,0.9882413744926453,0.011758638545870781,No
No,0.9995102882385254,4.897105391137302e-4,No
No,0.9373669028282166,0.06263310462236404,No
No,0.999546229839325,4.537636414170265e-4,No
No,0.9799613952636719,0.020038580521941185,No
No,0.9748310446739197,0.025168972089886665,No
No,0.9094142913818359,0.09058570861816406,No
No,0.9772301912307739,0.022769790142774582,No
Yes,0.7256470918655396,0.27435287833213806,No
No,0.9994021058082581,5.978790577501059e-4,No
No,0.985725462436676,0.014274558052420616,No
No,0.9971968531608582,0.0028031400870531797,No
No,0.9974204301834106,0.0025795837864279747,No
No,0.9994218349456787,5.781385698355734e-4,No
No,0.9961766004562378,0.0038234081584960222,No
No,0.9995682239532471,4.3179199565202e-4,No
No,0.9054860472679138,0.09451393783092499,No
No,0.9990254044532776,9.745757561177015e-4,No
No,0.9878647327423096,0.012135257013142109,No
No,0.9984015226364136,0.0015984702622517943,No
No,0.9568187594413757,0.04318123683333397,No
No,0.9196488857269287,0.08035114407539368,No
No,0.9981147050857544,0.0018852960783988237,No
No,0.9785746335983276,0.021425342187285423,No
No,0.9968770742416382,0.0031229376327246428,No
No,0.9976917505264282,0.002308242954313755,No
No,0.9612724184989929,0.03872760385274887,No
No,0.9772160053253174,0.02278396487236023,No
No,0.9968634247779846,0.0031365572940558195,No
No,0.9841172099113464,0.015882806852459908,No
No,0.8926140069961548,0.10738600045442581,No
No,0.9995878338813782,4.121715319342911e-4,No
No,0.9608227014541626,0.03917728736996651,No
No,0.9992861747741699,7.13827321305871e-4,No
No,0.9971796274185181,0.002820397960022092,No
No,0.9278866052627563,0.07211341708898544,No
No,0.9777697920799255,0.02223018929362297,No
No,0.9977542161941528,0.0022457605227828026,No
No,0.9987350702285767,0.001264907419681549,No
No,0.9995203018188477,4.796715802513063e-4,No
No,0.9994657039642334,5.342970252968371e-4,No
No,0.9874474406242371,0.012552531436085701,No
No,0.9951926469802856,0.004807331599295139,No
No,0.9346385598182678,0.06536143273115158,No
No,0.9842583537101746,0.015741653740406036,No
No,0.9993396997451782,6.60291058011353e-4,No
No,0.9844061732292175,0.015593848191201687,No
No,0.9839998483657837,0.016000166535377502,No
No,0.969234824180603,0.030765175819396973,No
No,0.9907999634742737,0.009200007654726505,No
No,0.992628276348114,0.007371719926595688,No
No,0.9787822365760803,0.021217776462435722,No
No,0.9623034000396729,0.03769657388329506,No
No,0.9966167211532593,0.003383289324119687,No
No,0.9072465896606445,0.09275338798761368,No
No,0.9936450123786926,0.006354986224323511,No
No,0.970827043056488,0.029172971844673157,No
No,0.9986155033111572,0.0013845012290403247,No
No,0.9952196478843689,0.004780351184308529,No
No,0.9344499707221985,0.06555002182722092,No
No,0.9931409955024719,0.006859017536044121,No
No,0.9987466335296631,0.001253384631127119,No
No,0.9567816257476807,0.04321838542819023,No
No,0.9961482286453247,0.0038517944049090147,No
No,0.9989123344421387,0.00108767906203866,No
No,0.9873014092445374,0.012698610313236713,No
No,0.9948793053627014,0.00512069184333086,No
Yes,0.7875616550445557,0.21243831515312195,No
No,0.9965695142745972,0.0034305083099752665,No
No,0.9315873384475708,0.0684126541018486,No
No,0.9915847182273865,0.008415252901613712,No
No,0.9965922832489014,0.0034076904412359,No
Yes,0.6424530744552612,0.35754695534706116,No
No,0.9908590316772461,0.009140952490270138,No
No,0.9512420296669006,0.048757996410131454,No
No,0.99146968126297,0.008530308492481709,No
No,0.9878211617469788,0.012178841046988964,No
No,0.9971627593040466,0.0028372230008244514,No
No,0.9365431666374207,0.06345681101083755,No
No,0.9964832067489624,0.0035167864989489317,No
No,0.9833807349205017,0.016619287431240082,No
No,0.8794613480567932,0.12053866684436798,No
No,0.9963048100471497,0.003695187158882618,No
No,0.9956919550895691,0.004308071918785572,No
No,0.999235212802887,7.648118771612644e-4,No
No,0.9356521964073181,0.06434782594442368,No
No,0.9658876657485962,0.03411232307553291,No
No,0.9836626648902893,0.016337307170033455,No
No,0.9991678595542908,8.321282221004367e-4,No
No,0.9655894041061401,0.034410569816827774,No
No,0.996838390827179,0.003161637345328927,No
No,0.9983691573143005,0.001630825106985867,No
No,0.9972110986709595,0.002788916928693652,No
Yes,0.7308810353279114,0.2691189646720886,No
No,0.9966590404510498,0.0033409628085792065,No
No,0.866711437702179,0.13328857719898224,No
No,0.9981755018234253,0.0018245138926431537,No
No,0.9996975064277649,3.0249025439843535e-4,No
No,0.8992548584938049,0.10074512660503387,No
No,0.9969781637191772,0.0030218083411455154,No
No,0.8748652338981628,0.12513476610183716,No
No,0.9997192621231079,2.8071689303033054e-4,No
No,0.9916679263114929,0.008332054130733013,No
No,0.9979137778282166,0.002086245222017169,No
No,0.9976003170013428,0.0023996878881007433,No
No,0.9993224740028381,6.775363581255078e-4,No
No,0.9924440979957581,0.00755592156201601,No
No,0.988224446773529,0.011775556020438671,No
No,0.9965710043907166,0.003428994445130229,No
No,0.9994188547134399,5.811320734210312e-4,No
No,0.9643458127975464,0.03565417230129242,No
No,0.9990825653076172,9.174541919492185e-4,No
No,0.9928258657455444,0.007174123544245958,No
No,0.9991754293441772,8.245771750807762e-4,No
No,0.9835702776908875,0.01642974093556404,No
No,0.997658908367157,0.0023410923313349485,No
No,0.974280595779419,0.02571938931941986,No
No,0.9958317875862122,0.004168201237916946,No
No,0.8399530053138733,0.16004697978496552,No
No,0.994443416595459,0.0055565922521054745,No
No,0.999320924282074,6.790532497689128e-4,No
No,0.9995552897453308,4.4473697198554873e-4,No
No,0.9108964204788208,0.0891035720705986,No
No,0.9952090978622437,0.004790890961885452,No
No,0.9943447113037109,0.005655262153595686,No
No,0.9823183417320251,0.017681652680039406,No
No,0.9913302063941956,0.008669807575643063,No
No,0.9992889761924744,7.110039587132633e-4,No
No,0.8708908557891846,0.12910914421081543,No
No,0.9935500025749207,0.006450009066611528,No
No,0.9995111227035522,4.888507537543774e-4,No
No,0.9991459846496582,8.539861883036792e-4,No
No,0.9585853219032288,0.04141467437148094,No
No,0.9738823771476746,0.02611762285232544,No
No,0.9365414977073669,0.06345852464437485,No
No,0.9996730089187622,3.2701139571145177e-4,No
No,0.9909017086029053,0.009098298847675323,No
No,0.9930523633956909,0.006947633810341358,No
No,0.9756031036376953,0.024396870285272598,No
No,0.9670295715332031,0.03297044336795807,No
No,0.998184084892273,0.0018158868188038468,No
No,0.9844985604286194,0.015501442365348339,No
No,0.9809709191322327,0.019029097631573677,No
No,0.9907698035240173,0.009230203926563263,No
No,0.9961465001106262,0.0038535124622285366,No
No,0.9676375985145569,0.032362427562475204,No
No,0.9989203810691833,0.0010796361602842808,No
No,0.9567053914070129,0.04329462721943855,No
No,0.9940391778945923,0.005960834212601185,No
No,0.9996671676635742,3.328361490275711e-4,No
No,0.9969030618667603,0.0030969413928687572,No
No,0.9742618799209595,0.025738105177879333,No
No,0.9976650476455688,0.002334924880415201,No
No,0.9985872507095337,0.0014127539470791817,No
No,0.9806624054908752,0.019337588921189308,No
No,0.9980225563049316,0.001977423904463649,No
No,0.9771236181259155,0.02287638932466507,No
No,0.9661180377006531,0.033881962299346924,No
No,0.9971317052841187,0.0028682767879217863,No
No,0.9990358948707581,9.641341166570783e-4,No
No,0.9946467280387878,0.0053532784804701805,No
No,0.983859121799469,0.016140857711434364,No
No,0.9973139762878418,0.002686050720512867,No
Yes,0.721731960773468,0.278268039226532,No
No,0.8563402891159058,0.14365971088409424,No
No,0.9976365566253662,0.002363440813496709,No
No,0.8986145853996277,0.10138542950153351,No
No,0.9884896874427795,0.011510319076478481,No
No,0.8848292827606201,0.11517070978879929,No
No,0.9989805221557617,0.001019506249576807,No
No,0.9995293021202087,4.707183106802404e-4,No
No,0.9574977159500122,0.04250231012701988,No
No,0.9852579832077026,0.014742002822458744,No
No,0.9536170363426208,0.04638294130563736,No
No,0.9973902106285095,0.00260976143181324,No
No,0.9992220401763916,7.779584848321974e-4,No
No,0.9993765354156494,0.00062343524768948555,No
No,0.9914388060569763,0.008561166934669018,No
No,0.9464383721351624,0.05356161668896675,No
No,0.9602338075637817,0.03976617380976677,No
No,0.9968295097351074,0.003170497016981244,No
No,0.9617559909820557,0.038244009017944336,No
No,0.993925929069519,0.00607407558709383,No
No,0.9882413744926453,0.011758638545870781,No
No,0.9943039417266846,0.005696049425750971,No
No,0.9971587657928467,0.0028412502724677324,No
No,0.9575121402740479,0.042487841099500656,No
No,0.9705109596252441,0.029489032924175262,No
Yes,0.5870833992958069,0.4129166007041931,No
No,0.9863210916519165,0.013678902760148048,No
No,0.9974747896194458,0.002525223884731531,No
No,0.992461621761322,0.007538356818258762,No
No,0.9174339175224304,0.08256609737873077,No
No,0.992522120475769,0.007477879989892244,No
No,0.9936113953590393,0.006388605106621981,No
No,0.9987747073173523,0.0012252838350832462,No
No,0.9996832609176636,3.1673029297962785e-4,No
No,0.9995166659355164,4.833148268517107e-4,No
No,0.9005714058876038,0.09942861646413803,No
No,0.9757475852966309,0.024252399802207947,No
No,0.9512486457824707,0.04875137284398079,No
No,0.9431378245353699,0.05686214938759804,No
No,0.9980776309967041,0.0019223876297473907,No
No,0.9946835041046143,0.005316485185176134,No
No,0.9974098801612854,0.0025901056360453367,No
No,0.9951587319374084,0.004841275047510862,No
No,0.9691839814186096,0.030816035345196724,No
No,0.9935458302497864,0.00645417207852006,No
No,0.9913187026977539,0.00868127029389143,No
No,0.9698157906532288,0.030184226110577583,No
Yes,0.790611207485199,0.20938880741596222,No
No,0.9985722899436951,0.0014277290320023894,No
No,0.9102618098258972,0.08973816782236099,No
No,0.9993409514427185,6.590578705072403e-4,No
No,0.9952961206436157,0.004703874234110117,No
No,0.9975166320800781,0.002483343007043004,No
No,0.998499870300293,0.0015001147985458374,No
No,0.9958418011665344,0.004158182069659233,No
No,0.9941290616989136,0.0058709438890218735,No
No,0.9977608323097229,0.002239191671833396,No
No,0.9964067339897156,0.003593264613300562,No
No,0.8099133372306824,0.19008667767047882,No
No,0.9991569519042969,8.430358138866723e-4,No
No,0.9991726875305176,8.273357525467873e-4,No
No,0.9950494766235352,0.0049505289644002914,No
No,0.9789857864379883,0.02101420797407627,No
No,0.9995765686035156,4.2343244422227144e-4,No
No,0.9948779344558716,0.005122059024870396,No
No,0.9985997676849365,0.001400252222083509,No
No,0.9995878338813782,4.121715319342911e-4,No
No,0.9960547089576721,0.003945262636989355,No
No,0.9703441858291626,0.02965579181909561,No
No,0.9868945479393005,0.013105474412441254,No
No,0.9919942617416382,0.008005720563232899,No
No,0.9800450801849365,0.019954891875386238,No
No,0.9972168207168579,0.0027831513434648514,No
No,0.9335095286369324,0.06649044901132584,No
No,0.8797210454940796,0.1202789768576622,No
No,0.9980922937393188,0.001907713827677071,No
Yes,0.705664336681366,0.29433566331863403,No
Yes,0.5385190844535828,0.46148091554641724,No
No,0.9918707609176636,0.008129225112497807,No
No,0.9960377812385559,0.003962245769798756,No
No,0.8155748844146729,0.18442511558532715,No
No,0.9703490138053894,0.029651008546352386,No
No,0.9908605813980103,0.009139388799667358,No
No,0.9364756345748901,0.06352438777685165,No
No,0.9872264266014099,0.012773544527590275,No
No,0.9934947490692139,0.006505255587399006,No
No,0.9951664209365845,0.004833555314689875,No
No,0.874290406703949,0.12570960819721222,No
No,0.9989210367202759,0.001078963279724121,No
No,0.9210997819900513,0.07890021800994873,No
No,0.9605889916419983,0.03941098973155022,No
No,0.9819456338882446,0.01805439591407776,No
No,0.9819269180297852,0.018073083832859993,No
No,0.9859997034072876,0.01400028821080923,No
No,0.9905887842178345,0.0094112204387784,No
No,0.9904430508613586,0.009556934237480164,No
No,0.9268283247947693,0.07317166030406952,No
No,0.9962171912193298,0.003782781073823571,No
No,0.9989736676216125,0.0010263303993269801,No
No,0.9985080361366272,0.0014919781824573874,No
No,0.9982551336288452,0.0017448473954573274,No
No,0.9704719185829163,0.02952808327972889,No
No,0.982380747795105,0.017619282007217407,No
No,0.9996858835220337,3.140922053717077e-4,No
No,0.9919865727424622,0.008013415150344372,No
No,0.9646108150482178,0.035389166325330734,No
No,0.9657145738601685,0.03428542986512184,No
No,0.9945921301841736,0.005407861899584532,No
No,0.9986523985862732,0.0013476002495735884,No
No,0.9996975064277649,3.0249025439843535e-4,No
No,0.9886749982833862,0.011324992403388023,No
No,0.9880255460739136,0.011974461376667023,No
No,0.8086829781532288,0.19131700694561005,No
No,0.9861522912979126,0.013847698457539082,No
No,0.9924346804618835,0.007565331645309925,No
No,0.994504451751709,0.005495572462677956,No
No,0.9985982179641724,0.001401780522428453,No
No,0.9119197130203247,0.0880802720785141,No
No,0.9498778581619263,0.050122134387493134,No
No,0.9983131289482117,0.0016868551028892398,No
No,0.9523348212242126,0.04766517132520676,No
No,0.991994321346283,0.008005678653717041,No
No,0.9699859023094177,0.030014097690582275,No
No,0.9977326989173889,0.0022672940976917744,No
No,0.997636079788208,0.0023639167193323374,No
No,0.85051429271698,0.14948569238185883,No
No,0.984588086605072,0.015411912463605404,No
No,0.8844802379608154,0.11551977694034576,No
No,0.9882535338401794,0.01174649316817522,No
No,0.9633777737617493,0.03662223741412163,No
No,0.9959028959274292,0.004097105003893375,No
No,0.9862707257270813,0.013729246333241463,No
No,0.9909312129020691,0.009068787097930908,No
No,0.9582583904266357,0.04174159839749336,No
No,0.9890539646148682,0.010946013033390045,No
No,0.9987347722053528,0.0012652387376874685,No
No,0.9643838405609131,0.035616155713796616,No
No,0.998319685459137,0.0016803256003186107,No
No,0.994831383228302,0.005168626084923744,No
No,0.8633158206939697,0.13668419420719147,No
No,0.9987924695014954,0.0012075566919520497,No
No,0.9995878338813782,4.121715319342911e-4,No
No,0.9996110796928406,3.889077343046665e-4,No
No,0.9991933107376099,8.066972368396819e-4,No
No,0.8646591901779175,0.1353408247232437,No
No,0.9583678841590881,0.041632141917943954,No
No,0.9892774820327759,0.01072254590690136,No
No,0.9960813522338867,0.003918663132935762,No
No,0.988602340221405,0.011397678405046463,No
No,0.9793352484703064,0.020664764568209648,No
No,0.9989883303642273,0.0010116675402969122,No
No,0.994316041469574,0.005683936644345522,No
No,0.9995412230491638,4.5875567593611777e-4,No
No,0.9995198249816895,4.8017658991739154e-4,No
No,0.9981297254562378,0.0018702619709074497,No
No,0.9996402263641357,3.597470640670508e-4,No
No,0.9878840446472168,0.012115951627492905,No
No,0.9061727523803711,0.09382723271846771,No
No,0.797054648399353,0.20294535160064697,No
No,0.9973174929618835,0.0026824790984392166,No
No,0.986014187335968,0.01398580800741911,No
No,0.9996172785758972,3.827099862974137e-4,No
No,0.9899675846099854,0.010032444261014462,No
No,0.987909197807312,0.012090818956494331,No
No,0.9961578845977783,0.003842129372060299,No
No,0.992447555065155,0.007552454248070717,No
No,0.987137496471405,0.012862488627433777,No
No,0.9957120418548584,0.004287937190383673,No
No,0.9966695308685303,0.0033304428216069937,No
No,0.9869838356971741,0.013016165234148502,No
No,0.9988540410995483,0.0011459646048024297,No
No,0.9875166416168213,0.012483355589210987,No
No,0.999082624912262,9.173942962661386e-4,No
No,0.9980931282043457,0.001906872377730906,No
No,0.980426549911499,0.019573478028178215,No
No,0.9990170001983643,9.830193594098091e-4,No
No,0.990562379360199,0.009437591768801212,No
No,0.9995765089988708,4.2348733404651284e-4,No
No,0.9169056415557861,0.08309434354305267,No
No,0.8383662104606628,0.16163377463817596,No
No,0.9969059824943542,0.0030940291471779346,No
No,0.9950417280197144,0.004958246368914843,No
No,0.926108181476593,0.07389181852340698,No
No,0.9948667287826538,0.005133283324539661,No
No,0.8198736310005188,0.1801263839006424,No
No,0.9048867225646973,0.09511326253414154,No
No,0.9194802045822144,0.08051978796720505,No
No,0.9971032738685608,0.002896710764616728,No
No,0.9548227190971375,0.04517727717757225,No
No,0.9886237978935242,0.011376227252185345,No
No,0.9982560873031616,0.0017439015209674835,No
No,0.9981689453125,0.0018310507293790579,No
No,0.9918980598449707,0.008101949468255043,No
No,0.9727885723114014,0.02721140906214714,No
No,0.9813217520713806,0.018678270280361176,No
No,0.9982213377952576,0.0017786386888474226,No
No,0.9085350632667542,0.09146494418382645,No
No,0.9659231901168823,0.034076809883117676,No
No,0.9965553283691406,0.0034446599893271923,No
No,0.9807454347610474,0.019254552200436592,No
No,0.9943221807479858,0.005677838809788227,No
No,0.9816782474517822,0.018321741372346878,No
No,0.998035728931427,0.00196428457275033,No
No,0.9667016267776489,0.03329839929938316,No
No,0.9880195260047913,0.011980459094047546,No
No,0.9721900224685669,0.027809981256723404,No
No,0.9994159936904907,5.839946679770947e-4,No
No,0.9987362623214722,0.0012637422187253833,No
No,0.9987112879753113,0.001288719242438674,No
No,0.9976108074188232,0.0023891995660960674,No
No,0.9937980771064758,0.006201947573572397,No
No,0.9762409329414368,0.02375909499824047,No
No,0.9980972409248352,0.0019027575617656112,No
No,0.9995464086532593,4.5359585783444345e-4,No
No,0.9608038067817688,0.03919617459177971,No
No,0.9982423782348633,0.00175762630533427,No
No,0.9989548921585083,0.001045100623741746,No
No,0.9902508854866028,0.00974910520017147,No
No,0.9416549205780029,0.058345090597867966,No
No,0.9922130107879639,0.007786963135004044,No
No,0.9565202593803406,0.04347972571849823,No
No,0.9984297752380371,0.0015702216187492013,No
No,0.9860531687736511,0.013946808874607086,No
No,0.9995889067649841,4.1109908488579094e-4,No
No,0.9991641044616699,8.359095081686974e-4,No
No,0.9541296362876892,0.045870374888181686,No
No,0.9852397441864014,0.014760257676243782,No
No,0.9127662181854248,0.08723378926515579,No
No,0.9915767908096313,0.00842322688549757,No
No,0.9922066926956177,0.007793309632688761,No
No,0.9905964136123657,0.009403559379279613,No
No,0.9973421692848206,0.002657801378518343,No
No,0.9939868450164795,0.006013138685375452,No
No,0.9916279315948486,0.008372096344828606,No
No,0.9961000680923462,0.0038999170064926147,No
No,0.9654070734977722,0.03459295257925987,No
No,0.9941412210464478,0.00585879385471344,No
No,0.9954121708869934,0.004587849602103233,No
No,0.9838947057723999,0.016105277463793755,No
Yes,0.7623872756958008,0.2376127392053604,No
No,0.9134440422058105,0.08655598014593124,No
No,0.9956451058387756,0.004354889038950205,No
No,0.9386361837387085,0.0613638274371624,No
No,0.9949610829353333,0.005038931500166655,No
No,0.9739640355110168,0.026035983115434647,No
No,0.9889979958534241,0.011001979000866413,No
No,0.9839135408401489,0.016086481511592865,No
No,0.897351861000061,0.10264816880226135,No
No,0.99944669008255,5.533305229619145e-4,No
No,0.9725180864334106,0.027481889352202415,No
No,0.9938477873802185,0.006152213551104069,No
Yes,0.3012990951538086,0.6987009048461914,No
No,0.9930412173271179,0.006958801299333572,No
No,0.997884213924408,0.0021157858427613974,No
No,0.9985515475273132,0.001448469003662467,No
No,0.996548593044281,0.0034513776190578938,No
No,0.8908620476722717,0.10913796722888947,No
No,0.953318178653717,0.04668183997273445,No
No,0.9876822829246521,0.012317690998315811,No
No,0.9993374347686768,6.625894457101822e-4,No
No,0.8968124985694885,0.10318752378225327,No
No,0.9987207055091858,0.001279283664189279,No
No,0.9931330680847168,0.006866909097880125,No
No,0.9423481225967407,0.05765185132622719,No
No,0.9987410306930542,0.001258979900740087,No
No,0.9981618523597717,0.0018381631234660745,No
No,0.9979026913642883,0.002097287680953741,No
No,0.9827017188072205,0.017298303544521332,No
No,0.9030799269676208,0.09692008793354034,No
No,0.9982878565788269,0.001712142489850521,No
No,0.8905331492424011,0.10946685820817947,No
No,0.9988005757331848,0.0011994238011538982,No
No,0.8341410756111145,0.1658589094877243,No
No,0.9993391036987305,6.609131232835352e-4,No
No,0.9569554924964905,0.04304448887705803,No
No,0.9850176572799683,0.014982321299612522,No
No,0.9872812032699585,0.01271879207342863,No
No,0.9976879358291626,0.002312087221071124,No
No,0.9941613078117371,0.005838701035827398,No
No,0.9989283084869385,0.0010716782417148352,No
Yes,0.6465424299240112,0.3534575402736664,No
No,0.9991061091423035,8.93919903319329e-4,No
No,0.9738386273384094,0.026161395013332367,No
No,0.9796250462532043,0.020374951884150505,No
No,0.9589421153068542,0.04105789214372635,No
No,0.9944947361946106,0.0055052596144378185,No
No,0.9993970990180969,6.028850912116468e-4,No
No,0.9967080354690552,0.00329195917584002,No
No,0.9806146621704102,0.019385335966944695,No
No,0.9672235250473022,0.03277646377682686,No
No,0.9984807968139648,0.0015192152932286263,No
No,0.9619117379188538,0.03808826208114624,No
No,0.8499167561531067,0.1500832438468933,No
No,0.9724636673927307,0.027536341920495033,No
No,0.8457523584365845,0.15424765646457672,No
No,0.9885475039482117,0.011452493257820606,No
No,0.9846206903457642,0.015379335731267929,No
No,0.9970521330833435,0.002947880420833826,No
No,0.9655812382698059,0.034418754279613495,No
No,0.9989937543869019,0.0010062485234811902,No
No,0.9956138134002686,0.004386176820844412,No
No,0.9854494333267212,0.014550586231052876,No
No,0.9870030283927917,0.012996942736208439,No
No,0.998216986656189,0.0017830108990892768,No
No,0.9929380416870117,0.007061959244310856,No
No,0.8925034403800964,0.10749654471874237,No
No,0.9989150762557983,0.0010849501704797149,No
No,0.9726573824882507,0.02734259143471718,No
No,0.9897043704986572,0.010295610874891281,No
No,0.9971733093261719,0.0028267158195376396,No
No,0.9940344095230103,0.0059656198136508465,No
No,0.9929468631744385,0.007053120993077755,No
No,0.9880116581916809,0.011988319456577301,No
No,0.9966345429420471,0.003365433309227228,No
No,0.9901159405708313,0.009884064085781574,No
No,0.9757475852966309,0.024252399802207947,No
No,0.9849580526351929,0.015041965059936047,No
No,0.9195775985717773,0.08042240142822266,No
No,0.9975069165229797,0.0024930965155363083,No
No,0.9470369219779968,0.05296305567026138,No
No,0.9958727955818176,0.004127189051359892,No
No,0.9861761331558228,0.01382387988269329,No
No,0.9987397193908691,0.00126027746591717,No
No,0.9994389414787292,5.610633525066078e-4,No
No,0.8960420489311218,0.10395793616771698,No
No,0.800412654876709,0.19958731532096863,No
No,0.8139607906341553,0.18603923916816711,No
No,0.98011016845703125,0.01988980732858181,No
No,0.9940125346183777,0.005987449083477259,No
No,0.986768901348114,0.013231074437499046,No
No,0.9935171604156494,0.006482825148850679,No
No,0.9951583743095398,0.004841647110879421,No
No,0.9991491436958313,8.508724276907742e-4,No
No,0.9661237597465515,0.03387624770402908,No
No,0.999050498008728,9.494894184172153e-4,No
No,0.953411340713501,0.04658864438533783,No
No,0.9964439868927002,0.0035559881944209337,No
No,0.9839325547218323,0.016067421063780785,No
No,0.9952960014343262,0.0047039855271577835,No
No,0.981036901473999,0.018963105976581573,No
No,0.9976808428764343,0.0023191419895738363,No
No,0.9504339694976807,0.04956602677702904,No
No,0.9971396327018738,0.0028603570535779,No
No,0.9995431303977966,4.5685365330427885e-4,No
No,0.9978203177452087,0.002179653849452734,No
No,0.9480892419815063,0.051910750567913055,No
No,0.9794379472732544,0.020562058314681053,No
No,0.9984441995620728,0.001555770868435502,No
No,0.965151309967041,0.034848690032958984,No
No,0.998151421546936,0.0018485598266124725,No
No,0.9873488545417786,0.012651159428060055,No
No,0.9960281252861023,0.003971884958446026,No
No,0.9959691762924194,0.004030804615467787,No
No,0.8668601512908936,0.13313983380794525,No
No,0.9905911087989807,0.009408917278051376,No
No,0.9926998019218445,0.007300168741494417,No
No,0.9797859191894531,0.02021406963467598,No
No,0.9843623042106628,0.01563771814107895,No
No,0.998227059841156,0.0017729694955050945,No
No,0.8625783920288086,0.13742157816886902,No
Yes,0.5407074689865112,0.4592925012111664,No
No,0.9982731938362122,0.0017267892835661769,No
No,0.992408275604248,0.0075917490758001804,No
No,0.9653960466384888,0.03460393473505974,No
No,0.999529242515564,4.707481130026281e-4,No
No,0.9984931945800781,0.0015068142674863338,No
No,0.999320924282074,6.791017949581146e-4,No
No,0.9989449977874756,0.0010550165316089988,No
No,0.9864650368690491,0.013534988276660442,No
No,0.9995368123054504,4.6321735135279596e-4,No
No,0.9987055063247681,0.0012945177732035518,No
No,0.9580884575843811,0.04191156104207039,No
No,0.95095062255859375,0.04904937744140625,No
No,0.9971317052841187,0.0028682767879217863,No
No,0.9774824976921082,0.0225174892693758,No
No,0.9985948801040649,0.0014051066245883703,No
No,0.9954630732536316,0.004536930471658707,No
No,0.9590492844581604,0.0409507118165493,No
No,0.9816157221794128,0.01838430017232895,No
No,0.9786437153816223,0.021356303244829178,No
No,0.9994231462478638,5.768692935816944e-4,No
No,0.9980531334877014,0.0019468867685645819,No
No,0.8787358403205872,0.12126415222883224,No
No,0.994953453540802,0.0050465441308915615,No
No,0.9992936253547668,7.063537486828864e-4,No
No,0.9991396069526672,8.603729074820876e-4,No
No,0.9719155430793762,0.028084484860301018,No
No,0.9987812042236328,0.0012187841348350048,No
No,0.9943604469299316,0.005639546550810337,No
No,0.9986304044723511,0.0013696033274754882,No
No,0.9926793575286865,0.00732064712792635,No
No,0.9876255989074707,0.012374387122690678,No
No,0.9897609949111938,0.010238994844257832,No
No,0.9976101517677307,0.0023898601066321135,No
No,0.9982810616493225,0.0017189565114676952,No
No,0.9994486570358276,5.513250362128019e-4,No
No,0.9563891291618347,0.04361089691519737,No
No,0.9988946318626404,0.0011053691850975156,No
No,0.9747754335403442,0.02522459253668785,No
No,0.9461418986320496,0.053858112543821335,No
No,0.9834160804748535,0.016583943739533424,No
No,0.8640846014022827,0.13591542840003967,No
No,0.9995166659355164,4.833148268517107e-4,No
No,0.9800450801849365,0.019954891875386238,No
Yes,0.7456070184707642,0.25439298152923584,No
No,0.890405535697937,0.1095944494009018,No
No,0.9984363317489624,0.0015636739553883672,No
No,0.9959970116615295,0.0040029846131801605,No
No,0.9937431216239929,0.006256882566958666,No
No,0.9989203810691833,0.0010796361602842808,No
No,0.9700056910514832,0.029994316399097443,No
No,0.9996730089187622,3.2701139571145177e-4,No
No,0.9967573285102844,0.0032426852267235518,No
No,0.999235212802887,7.648118771612644e-4,No
No,0.9886628985404968,0.011337118223309517,No
No,0.936614990234375,0.0633850246667862,No
No,0.9915271997451782,0.008472803980112076,No
No,0.9768256545066833,0.023174338042736053,No
No,0.9592609405517578,0.04073907807469368,No
No,0.9271190166473389,0.07288100570440292,No
No,0.9991810917854309,8.189267828129232e-4,No
No,0.9957254528999329,0.004274533595889807,No
No,0.9987362623214722,0.0012637422187253833,No
No,0.9914419651031494,0.008558022789657116,No
No,0.8973982334136963,0.10260173678398132,No
No,0.9708080887794495,0.02919190376996994,No
No,0.9945284128189087,0.005471594166010618,No
No,0.9964189529418945,0.0035810237750411034,No
No,0.9991858601570129,8.141219150274992e-4,No
No,0.988265872001648,0.01173415593802929,No
No,0.9979314804077148,0.0020684986375272274,No
No,0.9958317875862122,0.004168201237916946,No
No,0.9841093420982361,0.015890643000602722,No
No,0.957831859588623,0.04216816648840904,No
No,0.9761083722114563,0.023891620337963104,No
No,0.9813217520713806,0.018678270280361176,No
No,0.9770089983940125,0.022990990430116653,No
No,0.9989777207374573,0.0010222713463008404,No
No,0.9378143548965454,0.06218567490577698,No
No,0.995725154876709,0.004274852108210325,No
No,0.9978592991828918,0.002140694297850132,No
No,0.987067461013794,0.01293256226927042,No
No,0.9925182461738586,0.007481781765818596,No
No,0.9996741414070129,3.258297801949084e-4,No
No,0.9950969219207764,0.004903073888272047,No
Yes,0.4307596683502197,0.5692403316497803,No
No,0.9969560503959656,0.00304396147839725,No
No,0.9995166659355164,4.8332015285268426e-4,No
No,0.9382736682891846,0.06172631308436394,No
No,0.9873488545417786,0.012651159428060055,No
No,0.8725084662437439,0.1274915188550949,No
No,0.9990038275718689,9.96189541183412e-4,No
No,0.9992204308509827,7.795922574587166e-4,No
No,0.9878567457199097,0.01214323379099369,No
No,0.9358463287353516,0.06415365636348724,No
No,0.9747754335403442,0.02522459253668785,No
No,0.9874379634857178,0.012562020681798458,No
No,0.9970020651817322,0.002997962525114417,No
No,0.9992095232009888,7.904808153398335e-4,No
Yes,0.6182025671005249,0.3817974328994751,No
No,0.9871188402175903,0.012881137430667877,No
No,0.9823020696640015,0.017697909846901894,No
No,0.993194043636322,0.006805942393839359,No
No,0.9900569319725037,0.009943095967173576,No
No,0.9990038275718689,9.96189541183412e-4,No
No,0.9604463577270508,0.039553649723529816,No
No,0.9629422426223755,0.03705776110291481,No
No,0.99761199951171875,0.002388014690950513,No
No,0.9909927845001221,0.009007207117974758,No
No,0.9589884281158447,0.04101160168647766,No
No,0.9183283448219299,0.08167164027690887,No
Yes,0.7881587743759155,0.21184125542640686,No
No,0.9900590777397156,0.009940932504832745,No
Yes,0.7895162105560303,0.21048375964164734,No
No,0.9900575876235962,0.009942416101694107,No
No,0.9961066246032715,0.003893379820510745,No
No,0.9875565767288208,0.012443405576050282,No
No,0.9994328618049622,5.671135149896145e-4,No
No,0.9921504855155945,0.007849539630115032,No
No,0.9983344078063965,0.0016655789222568274,No
No,0.9913622736930847,0.008637744002044201,No
No,0.982189953327179,0.017810042947530746,No
No,0.982905924320221,0.01709410361945629,No
No,0.9686275124549866,0.031372472643852234,No
No,0.9419968128204346,0.058003172278404236,No
No,0.9962767958641052,0.003723174799233675,No
No,0.9460601210594177,0.05393989756703377,No
No,0.8458272218704224,0.15417274832725525,No
No,0.9966421127319336,0.0033578770235180855,No
No,0.9936707615852356,0.006329260766506195,No
No,0.9033505916595459,0.0966494083404541,No
No,0.9988349676132202,0.0011650359956547618,No
No,0.974068284034729,0.02593173086643219,No
No,0.9845412373542786,0.015458791516721249,No
Yes,0.7425177097320557,0.25748226046562195,No
No,0.9977355003356934,0.0022644847631454468,No
No,0.9984567761421204,0.0015432436484843493,No
No,0.9990517497062683,9.482635068707168e-4,No
No,0.9706063866615295,0.029393617063760757,No
No,0.9075408577919006,0.09245913475751877,No
No,0.9936062097549438,0.006393768358975649,No
No,0.9585853219032288,0.04141467437148094,No
No,0.991278886795044,0.00872112438082695,No
No,0.9533596038818359,0.046640392392873764,No
No,0.9994231462478638,5.768717383034527e-4,No
No,0.9961575865745544,0.0038424290250986814,No
No,0.9377565979957581,0.06224341690540314,No
No,0.9934956431388855,0.006504343822598457,No
No,0.96745765209198,0.032542333006858826,No
Yes,0.7707251310348511,0.2292748987674713,No
No,0.9981331825256348,0.001866801641881466,No
No,0.9982483386993408,0.0017516360385343432,No
No,0.9956331849098206,0.004366803914308548,No
No,0.9578053951263428,0.04219462722539902,No
No,0.9838705658912659,0.01612945832312107,No
No,0.9973893761634827,0.002610604278743267,No
Yes,0.7266217470169067,0.2733782231807709,No
No,0.997484028339386,0.002515967469662428,No
No,0.8685858249664307,0.13141418993473053,No
No,0.9986357688903809,0.0013642242411151528,No
No,0.9990388751029968,9.611203568056226e-4,No
No,0.9984666109085083,0.0015333659248426557,No
No,0.9944753646850586,0.005524659529328346,No
Yes,0.6917718648910522,0.30822816491127014,No
No,0.9805026650428772,0.019497312605381012,No
No,0.9289053678512573,0.07109465450048447,No
No,0.9984980821609497,0.0015019100392237306,No
No,0.9747754335403442,0.02522459253668785,No
No,0.9704089164733887,0.02959110587835312,No
No,0.9395673274993896,0.06043267250061035,No
No,0.9892570376396179,0.010742953978478909,No
No,0.9493147730827332,0.05068523809313774,No
No,0.9973030090332031,0.0026969623286277056,No
No,0.9993861317634583,6.13876327406615e-4,No
No,0.9992080926895142,7.919083582237363e-4,No
No,0.8977431058883667,0.10225687175989151,No
No,0.9806532263755798,0.019346758723258972,No
No,0.982563853263855,0.01743611879646778,No
No,0.9858416318893433,0.014158342033624649,No
No,0.9898988604545593,0.010101156309247017,No
No,0.9961317181587219,0.0038682592567056417,No
No,0.9638052582740784,0.03619476407766342,No
No,0.9909613728523254,0.009038656018674374,No
No,0.9895734190940857,0.01042656134814024,No
No,0.9316436648368835,0.06835632771253586,No
No,0.9991767406463623,8.232840918935835e-4,No
No,0.9812540411949158,0.018745973706245422,No
No,0.9903950691223145,0.009604938328266144,No
No,0.999602735042572,3.972699341829866e-4,No
No,0.9736340045928955,0.0263659805059433,No
No,0.9473504424095154,0.05264957621693611,No
No,0.9940301179885864,0.005969862453639507,No
No,0.9956772327423096,0.00432276027277112,No
No,0.9679087400436401,0.03209124878048897,No
No,0.9990918040275574,9.081816533580422e-4,No
No,0.8132272362709045,0.18677277863025665,No
No,0.9733666777610779,0.02663329616189003,No
No,0.960526168346405,0.03947381302714348,No
No,0.9475654363632202,0.052434541285037994,No
No,0.9856928586959839,0.014307134784758091,No
No,0.9914724230766296,0.008527579717338085,No
No,0.9845895767211914,0.01541044469922781,No
No,0.9990465641021729,9.534299606457353e-4,No
No,0.9990563988685608,9.436084656044841e-4,No
No,0.9516651630401611,0.04833485186100006,No
No,0.9992220401763916,7.779584848321974e-4,No
No,0.9889368414878845,0.011063151992857456,No
No,0.9839482307434082,0.016051778569817543,No
No,0.9726613759994507,0.027338601648807526,No
No,0.9993176460266113,6.823490839451551e-4,No
No,0.99452805519104,0.005471952259540558,No
No,0.9985052347183228,0.0014947589952498674,No
No,0.9903532266616821,0.009646745398640633,No
No,0.8529236316680908,0.14707639813423157,No
No,0.9218372702598572,0.07816272974014282,No
No,0.8672916889190674,0.13270831108093262,No
No,0.9630715250968933,0.0369284525513649,No
No,0.9964840412139893,0.0035159862600266933,No
No,0.9994891285896301,5.108589539304376e-4,No
No,0.9852410554885864,0.014758932404220104,No
No,0.9747388362884521,0.02526114508509636,No
No,0.9763482213020325,0.023651765659451485,No
No,0.9134339094161987,0.08656609803438187,No
No,0.9886640310287476,0.011335942894220352,No
No,0.9949619770050049,0.00503802765160799,No
No,0.9924627542495728,0.007537221536040306,No
Yes,0.7828621864318848,0.21713779866695404,No
No,0.9995846152305603,4.153670452069491e-4,No
No,0.8169940710067749,0.1830058991909027,No
No,0.9991286993026733,8.712821872904897e-4,No
No,0.9116036295890808,0.08839636296033859,No
No,0.9995584487915039,4.415565053932369e-4,No
No,0.9819039106369019,0.018096087500452995,No
No,0.9973918795585632,0.002608139766380191,No
No,0.9901753067970276,0.009824682027101517,No
No,0.998950719833374,0.0010492507135495543,No
No,0.9986298680305481,0.0013701466377824545,No
No,0.9933187961578369,0.0066812303848564625,No
No,0.999160885810852,8.391104056499898e-4,No
No,0.9225900173187256,0.07740997523069382,No
No,0.9945292472839355,0.00547074805945158,No
No,0.9388793110847473,0.061120714992284775,No
No,0.9939450621604919,0.006054935976862907,No
No,0.9977991580963135,0.0022008270025253296,No
No,0.9822540283203125,0.017745962366461754,No
No,0.9638451337814331,0.0361548475921154,No
No,0.9985719919204712,0.0014279845636337996,No
No,0.9507541656494141,0.049245864152908325,No
No,0.9590550661087036,0.04094495251774788,No
No,0.9983887076377869,0.0016112960875034332,No
No,0.9994606971740723,5.393053288571537e-4,No
No,0.9177126884460449,0.08228733390569687,No
No,0.9972519874572754,0.002747989259660244,No
No,0.9884584546089172,0.011541523970663548,No
No,0.9992132782936096,7.867477834224701e-4,No
No,0.9988753795623779,0.0011245983187109232,No
Yes,0.7839444279670715,0.21605557203292847,No
Yes,0.764523446559906,0.235476553440094,No
No,0.959789514541626,0.04021046683192253,No
No,0.9605329632759094,0.03946705907583237,No
No,0.8383054733276367,0.16169454157352448,No
No,0.9952675700187683,0.004732439294457436,No
No,0.9972090721130371,0.0027909199707210064,No
No,0.9980072975158691,0.0019926736131310463,No
No,0.9888719916343689,0.011128013953566551,No
No,0.9919084906578064,0.008091502822935581,No
No,0.9813217520713806,0.018678270280361176,No
No,0.9598902463912964,0.04010976850986481,No
No,0.9546048641204834,0.045395128428936005,No
No,0.9853654503822327,0.014634547755122185,No
No,0.9924407601356506,0.007559244055300951,No
No,0.9934642314910889,0.00653579318895936,No
No,0.9965277314186096,0.00347229209728539,No
No,0.9996741414070129,3.258297801949084e-4,No
No,0.9929727911949158,0.007027194369584322,No
No,0.9903250336647034,0.009674953296780586,No
No,0.9983618855476379,0.0016381221357733011,No
No,0.9722735285758972,0.027726497501134872,No
No,0.8309912085533142,0.1690087914466858,No
No,0.991991400718689,0.008008587174117565,No
No,0.8460192680358887,0.15398076176643372,No
No,0.9654454588890076,0.03455453738570213,No
No,0.997905433177948,0.002094574738293886,No
No,0.9145031571388245,0.08549686521291733,No
No,0.9862769842147827,0.013723015785217285,No
No,0.99407196044921875,0.005928011145442724,No
No,0.9994158744812012,5.841049132868648e-4,No
No,0.9972039461135864,0.0027960380539298058,No
No,0.9987747073173523,0.0012252838350832462,No
No,0.9237599968910217,0.07624002546072006,No
No,0.9119350910186768,0.08806489408016205,No
No,0.9961498975753784,0.0038501147646456957,No
No,0.9757475852966309,0.024252399802207947,No
No,0.9970763921737671,0.0029236290138214827,No
No,0.9688231945037842,0.031176790595054626,No
No,0.9808754324913025,0.019124586135149002,No
No,0.9992898106575012,7.102089002728462e-4,No
No,0.9928655624389648,0.0071344380266964436,No
No,0.9635316133499146,0.03646839037537575,No
No,0.9992225170135498,7.774967816658318e-4,No
No,0.9824027419090271,0.017597272992134094,No
No,0.9992634057998657,7.366075296886265e-4,No
No,0.9227056503295898,0.07729437202215195,No
No,0.9995543956756592,4.455797025002539e-4,No
No,0.9996097087860107,3.9031801861710846e-4,No
No,0.9735240936279297,0.026475895196199417,No
No,0.9940290451049805,0.00597096374258399,No
No,0.9905415177345276,0.009458502754569054,No
Yes,0.7658901214599609,0.23410989344120026,No
No,0.9746708273887634,0.02532918006181717,No
No,0.9995042085647583,4.957700148224831e-4,No
No,0.9723650813102722,0.02763489820063114,No
No,0.9988597631454468,0.0011402169475331903,No
No,0.993772029876709,0.006227967794984579,No
No,0.9900352358818054,0.00996475014835596,No
No,0.982366681098938,0.01763332635164261,No
No,0.9757475852966309,0.024252399802207947,No
No,0.9994231462478638,5.768692935816944e-4,No
No,0.9856398701667786,0.014360114000737667,No
No,0.9924375414848328,0.007562435697764158,No
No,0.9966434836387634,0.0033564905170351267,No
No,0.9128791093826294,0.087120920419693,No
No,0.9993786215782166,6.213632295839489e-4,No
No,0.9993937611579895,6.062669563107193e-4,No
No,0.9601818323135376,0.039818160235881805,No
No,0.9839413166046143,0.016058670356869698,No
No,0.9717684388160706,0.02823156863451004,No
No,0.9994708299636841,5.291636334732175e-4,No
No,0.9981275796890259,0.0018724085530266166,No
No,0.9710294604301453,0.02897055447101593,No
No,0.9990310072898865,9.690098813734949e-4,No
No,0.9596519470214844,0.04034806042909622,No
No,0.9966630339622498,0.00333697022870183,No
No,0.9844704866409302,0.015529533848166466,No
No,0.9593576788902283,0.040642306208610535,No
No,0.8942458033561707,0.10575420409440994,No
No,0.9629874229431152,0.037012550979852676,No
No,0.9682548642158508,0.03174515813589096,No
No,0.9992526173591614,7.473713485524058e-4,No
No,0.9993923902511597,6.076220306567848e-4,No
No,0.9914101362228394,0.008589861914515495,No
No,0.9642139673233032,0.03578600287437439,No
No,0.9884625673294067,0.011537406593561172,No
No,0.9984099268913269,0.001590050640515983,No
No,0.998900294303894,0.001099711749702692,No
No,0.9965430498123169,0.0034569401759654284,No
No,0.9604073762893677,0.03959261253476143,No
No,0.968238890171051,0.031761106103658676,No
No,0.974247395992279,0.02575259655714035,No
No,0.9762343168258667,0.02376568131148815,No
No,0.9604139924049377,0.039586033672094345,No
No,0.992010235786438,0.007989752106368542,No
No,0.9991344213485718,8.655816782265902e-4,No
No,0.9633917808532715,0.036608219146728516,No
No,0.9515621662139893,0.04843785986304283,No
No,0.9997137188911438,2.862904511857778e-4,No
No,0.9987531304359436,0.0012468891218304634,No
No,0.9708884954452515,0.029111526906490326,No
No,0.9796406626701355,0.020359331741929054,No
No,0.998143196105957,0.001856790273450315,No
No,0.9947386980056763,0.00526129174977541,No
No,0.9536929726600647,0.0463070310652256,No
No,0.9962825775146484,0.003717418061569333,No
No,0.9576677083969116,0.04233229532837868,No
No,0.9924291968345642,0.007570811081677675,No
No,0.9979115724563599,0.0020884184632450342,No
No,0.9640734195709229,0.03592655435204506,No
No,0.9957537651062012,0.004246217664331198,No
No,0.9731283187866211,0.026871681213378906,No
No,0.9514312148094177,0.048568807542324066,No
No,0.9973642230033875,0.0026357811875641346,No
No,0.8880162835121155,0.11198373138904572,No
No,0.99761199951171875,0.0023879886139184237,No
No,0.8958721160888672,0.10412789136171341,No
No,0.9786720871925354,0.021327918395400047,No
No,0.9880263805389404,0.011973632499575615,No
No,0.9981496930122375,0.001850304426625371,No
No,0.9927770495414734,0.007222946733236313,No
No,0.9923415780067444,0.007658413611352444,No
No,0.9889850616455078,0.011014931835234165,No
No,0.9736405611038208,0.02635944075882435,No
No,0.9986843466758728,0.0013156307395547628,No
No,0.9528424739837646,0.047157540917396545,No
No,0.9917625784873962,0.008237442001700401,No
No,0.9798429608345032,0.02015702612698078,No
No,0.9964132308959961,0.003586759092286229,No
No,0.9883357882499695,0.011664219200611115,No
No,0.9759011268615723,0.024098850786685944,No
No,0.9550896883010864,0.04491029679775238,No
No,0.9856699109077454,0.01433008536696434,No
No,0.9986032247543335,0.0013967819977551699,No
No,0.9986540079116821,0.001345971366390586,No
No,0.9858621954917908,0.014137797057628632,No
No,0.9310022592544556,0.06899771094322205,No
No,0.998241662979126,0.0017583625158295035,No
No,0.9392690658569336,0.0607309527695179,No
No,0.9952726364135742,0.0047273640520870686,No
No,0.9651072025299072,0.03489280864596367,No
No,0.9925600290298462,0.007439959794282913,No
No,0.9657769203186035,0.03422306478023529,No
No,0.9677519202232361,0.03224809095263481,No
No,0.9466705322265625,0.05332943797111511,No
No,0.9995412230491638,4.5875567593611777e-4,No
No,0.9844026565551758,0.015597363002598286,No
No,0.9925127625465393,0.0074872649274766445,No
No,0.949923038482666,0.050076987594366074,No
No,0.9992155432701111,7.844835636205971e-4,No
No,0.9910553097724915,0.008944685570895672,No
No,0.9852961301803589,0.01470385491847992,No
No,0.9899597764015198,0.010040195658802986,No
No,0.9951685667037964,0.0048314044252038,No
No,0.9867482781410217,0.013251740485429764,No
No,0.9896421432495117,0.010357853025197983,No
No,0.9949705600738525,0.0050294422544538975,No
No,0.998650074005127,0.0013499039923772216,No
No,0.9963812232017517,0.0036187926307320595,No
No,0.9589709043502808,0.04102907329797745,No
No,0.9975626468658447,0.0024373610503971577,No
No,0.996652364730835,0.0033476396929472685,No
No,0.9417977929115295,0.05820218846201897,No
No,0.9835183620452881,0.016481634229421616,No
No,0.9957887530326843,0.004211220424622297,No
No,0.9841454029083252,0.015854591503739357,No
No,0.9973428845405579,0.0026571431662887335,No
No,0.9996089339256287,3.910953237209469e-4,No
No,0.9989280700683594,0.0010719483252614737,No
No,0.9035401940345764,0.09645982086658478,No
Yes,0.7440595030784607,0.2559404969215393,No
No,0.9959244132041931,0.004075564909726381,No
No,0.9873262643814087,0.012673729099333286,No
No,0.979777991771698,0.020222023129463196,No
No,0.998668372631073,0.0013316390104591846,No
No,0.9995107650756836,4.892576835118234e-4,No
No,0.9959020018577576,0.0040980139747262,No
No,0.9965730309486389,0.0034269436728209257,No
No,0.9818233251571655,0.01817665621638298,No
No,0.9942263960838318,0.005773585755378008,No
No,0.9995247721672058,4.752321692649275e-4,No
No,0.9920046329498291,0.00799535121768713,No
No,0.9773562550544739,0.02264375425875187,No
No,0.9303356409072876,0.069664366543293,No
No,0.9416114091873169,0.05838856101036072,No
No,0.9878818392753601,0.012118188664317131,No
No,0.9978248476982117,0.002175132744014263,No
Yes,0.6920638680458069,0.3079361319541931,No
No,0.9933414459228516,0.006658562459051609,No
No,0.9992080926895142,7.919083582237363e-4,No
No,0.9951671957969666,0.004832821432501078,No
No,0.8831414580345154,0.11685854196548462,No
No,0.9983159303665161,0.0016840893076732755,No
No,0.9823511242866516,0.017648877575993538,No
No,0.9929788708686829,0.00702114449813962,No
No,0.9738759398460388,0.026124045252799988,No
No,0.9910680055618286,0.00893200933933258,No
No,0.9983746409416199,0.0016253561479970813,No
No,0.9973658323287964,0.0026341709308326244,No
No,0.9927335977554321,0.007266395725309849,No
No,0.9967264533042908,0.0032735520508140326,No
No,0.8883811235427856,0.11161889135837555,No
No,0.9982584118843079,0.0017416176851838827,No
No,0.9985761046409607,0.001423895126208663,No
No,0.9663969278335571,0.03360304236412048,No
No,0.9995863437652588,4.136661300435662e-4,No
No,0.9905644059181213,0.009435608051717281,No
No,0.9960309863090515,0.0039689866825938225,No
No,0.9930896162986755,0.006910356692969799,No
No,0.9593697786331177,0.040630239993333817,No
No,0.8964501619338989,0.10354986786842346,No
No,0.9654169678688049,0.03458304703235626,No
No,0.985131561756134,0.014868426136672497,No
No,0.9961956739425659,0.0038043062668293715,No
No,0.9813217520713806,0.018678270280361176,No
No,0.8928079605102539,0.10719206184148788,No
No,0.9788411855697632,0.021158823743462563,No
No,0.9872273802757263,0.01277260109782219,No
No,0.9772352576255798,0.02276472933590412,No
No,0.9269681572914124,0.07303185015916824,No
No,0.9831176996231079,0.01688230037689209,No
No,0.998208224773407,0.001791756832972169,No
No,0.9978018403053284,0.002198136644437909,No
No,0.9993391036987305,6.609131232835352e-4,No
No,0.9666833877563477,0.033316630870103836,No
No,0.9981804490089417,0.0018195395823568106,No
No,0.9341608881950378,0.06583908945322037,No
No,0.9912861585617065,0.008713814429938793,No
No,0.9992446303367615,7.553642499260604e-4,No
No,0.9875953197479248,0.012404663488268852,No
No,0.9473533630371094,0.05264665186405182,No
No,0.9974274039268494,0.002572573022916913,No
No,0.9980022311210632,0.001997745828703046,No
No,0.9874690175056458,0.012531011365354061,No
No,0.9875041842460632,0.012495840899646282,No
No,0.9893303513526917,0.010669665411114693,No
No,0.995482325553894,0.004517692606896162,No
No,0.9656288623809814,0.034371111541986465,No
No,0.994773268699646,0.00522671127691865,No
Yes,0.7452361583709717,0.2547638416290283,No
No,0.9939946532249451,0.006005368661135435,No
No,0.9965550899505615,0.003444926580414176,No
No,0.9939610958099365,0.006038880906999111,No
No,0.9929041266441345,0.007095887791365385,No
No,0.9941959381103516,0.005804072599858046,No
No,0.8262451887130737,0.17375478148460388,No
No,0.9993218183517456,6.781785632483661e-4,No
No,0.9985899925231934,0.001410020049661398,No
No,0.9342212677001953,0.06577875465154648,No
No,0.9939864277839661,0.00601359736174345,No
No,0.9989377856254578,0.0010621874826028943,No
Yes,0.7381120920181274,0.26188793778419495,No
No,0.9827612042427063,0.017238786444067955,No
No,0.9451435208320618,0.05485650151968002,No
No,0.9949955940246582,0.005004432983696461,No
No,0.9930678009986877,0.006932217627763748,No
No,0.9984317421913147,0.0015682843513786793,No
No,0.8170024156570435,0.18299758434295654,No
No,0.9929091930389404,0.007090819533914328,No
No,0.9991430640220642,8.569435449317098e-4,No
No,0.9978562593460083,0.0021437499672174454,No
No,0.9939697980880737,0.006030200514942408,No
No,0.9735783934593201,0.026421593502163887,No
No,0.992348313331604,0.0076516615226864815,No
No,0.9853445291519165,0.014655479229986668,No
No,0.9791982173919678,0.020801756531000137,No
No,0.997432291507721,0.0025677140802145004,No
No,0.9917353391647339,0.008264654316008091,No
No,0.975797712802887,0.024202311411499977,No
No,0.9924454689025879,0.007554530631750822,No
No,0.8381956219673157,0.16180436313152313,No
No,0.989465594291687,0.010534378699958324,No
No,0.9995415210723877,4.58450784208253e-4,No
No,0.8458512425422668,0.15414877235889435,No
No,0.9988684058189392,0.0011315661249682307,No
No,0.995272159576416,0.004727830644696951,No
No,0.9529703855514526,0.047029588371515274,No
No,0.9383344650268555,0.06166553124785423,No
No,0.9098343849182129,0.0901656448841095,No
No,0.9846616983413696,0.015338290482759476,No
No,0.9839615821838379,0.016038445755839348,No
No,0.9990193843841553,9.8058779258281e-4,No
No,0.9952245354652405,0.004775437526404858,No
No,0.998019278049469,0.001980744069442153,No
No,0.9689300060272217,0.031069982796907425,No
No,0.9928166270256042,0.007183350622653961,No
No,0.9964788556098938,0.0035211306530982256,No
No,0.9882292747497559,0.011770735494792461,No
No,0.9995306134223938,4.6936358558014035e-4,No
No,0.9943066239356995,0.005693397950381041,No
No,0.9899960160255432,0.010003974661231041,No
No,0.9991738200187683,8.261697948910296e-4,No
No,0.998989462852478,0.0010105289984494448,No
No,0.9563252329826355,0.04367474839091301,No
No,0.9455703496932983,0.05442964285612106,No
No,0.9994231462478638,5.768629489466548e-4,No
No,0.9981494545936584,0.0018505501793697476,No
No,0.987159252166748,0.012840776704251766,No
No,0.9413164854049683,0.05868350341916084,No
No,0.9987099766731262,0.0012900480069220066,No
No,0.9990079402923584,9.920563315972686e-4,No
No,0.9963098168373108,0.0036901661660522223,No
No,0.9922218918800354,0.00777808902785182,No
No,0.993126630783081,0.0068733408115804195,No
No,0.9044197797775269,0.09558022767305374,No
No,0.9725112318992615,0.027488768100738525,No
No,0.9995878338813782,4.121715319342911e-4,No
No,0.9829763174057007,0.017023712396621704,No
No,0.9891694188117981,0.010830570012331009,No
No,0.998595654964447,0.0014043307164683938,No
No,0.9370961785316467,0.06290382146835327,No
No,0.9810985922813416,0.01890140026807785,No
No,0.9986595511436462,0.0013404327910393476,No
No,0.8941022157669067,0.10589779913425446,No
No,0.9984285235404968,0.001571493805386126,No
No,0.9974228143692017,0.0025772082153707743,No
No,0.998857855796814,0.0011421611998230219,No
No,0.828898549079895,0.1711014211177826,No
No,0.9971617460250854,0.002838224172592163,No
No,0.99699866771698,0.0030013122595846653,No
No,0.9757475852966309,0.024252399802207947,No
No,0.8702609539031982,0.12973901629447937,No
No,0.9906341433525085,0.009365856647491455,No
No,0.9945950508117676,0.005404931027442217,No
No,0.9958786368370056,0.00412135710939765,No
No,0.993308424949646,0.006691586691886187,No
No,0.9984317421913147,0.0015682843513786793,No
No,0.9987902045249939,0.0012097941944375634,No
No,0.9804055690765381,0.01959444023668766,No
No,0.96360844373703,0.03639155253767967,No
No,0.9865385890007019,0.013461390510201454,No
No,0.9597961902618408,0.040203798562288284,No
No,0.9975272417068481,0.0024727582931518555,No
No,0.9969006776809692,0.0030992990359663963,No
No,0.9952223300933838,0.004777642898261547,No
No,0.9569554924964905,0.04304448887705803,No
No,0.9616248607635498,0.03837516903877258,No
No,0.9837979674339294,0.01620202139019966,No
No,0.9839978218078613,0.016002170741558075,No
Yes,0.6992947459220886,0.3007052540779114,No
No,0.9930627346038818,0.006937257945537567,No
No,0.9575307369232178,0.04246928170323372,No
No,0.9721131324768066,0.02788688801229,No
No,0.9871107339859009,0.012889294885098934,No
No,0.995890200138092,0.00410977890715003,No
No,0.9817761182785034,0.018223902210593224,No
No,0.9692236185073853,0.030776390805840492,No
No,0.978683352470398,0.02131667360663414,No
No,0.9863924384117126,0.013607548549771309,No
No,0.999028205871582,9.717913344502449e-4,No
No,0.9611430168151855,0.03885696083307266,No
No,0.9685351848602295,0.03146479278802872,No
No,0.9996055960655212,3.943765186704695e-4,No
No,0.9509232044219971,0.04907679557800293,No
No,0.9994436502456665,5.563698941841722e-4,No
No,0.9987244009971619,0.0012755885254591703,No
No,0.9740382432937622,0.025961777195334435,No
No,0.997063934803009,0.002936086617410183,No
No,0.9629874229431152,0.037012550979852676,No
No,0.9774520993232727,0.022547883912920952,No
No,0.9968534111976624,0.003146570175886154,No
No,0.995927095413208,0.00407292228192091,No
No,0.9909799098968506,0.009020091965794563,No
No,0.9596357941627502,0.040364209562540054,No
No,0.9993733167648315,6.267085555009544e-4,No
No,0.9112399816513062,0.08876004815101624,No
No,0.9958429932594299,0.004157011862844229,No
No,0.999435544013977,5.644683842547238e-4,No
No,0.9936429262161255,0.0063570644706487656,No
No,0.9959816336631775,0.004018357954919338,No
No,0.9869722723960876,0.013027709908783436,No
No,0.9721953272819519,0.02780466340482235,No
No,0.9985290765762329,0.0014709437964484096,No
No,0.9994200468063354,5.799742648378015e-4,No
No,0.9974239468574524,0.0025760296266525984,No
No,0.998819887638092,0.0011800853535532951,No
No,0.9963132739067078,0.003686698619276285,No
No,0.9769644737243652,0.023035552352666855,No
No,0.898941695690155,0.10105829685926437,No
No,0.9946798086166382,0.0053202006965875626,No
No,0.9921656847000122,0.007834303192794323,No
No,0.8309158682823181,0.1690841168165207,No
No,0.9938170909881592,0.006182926241308451,No
No,0.9947235584259033,0.00527645368129015,No
No,0.9979820251464844,0.002017993712797761,No
No,0.9490525722503662,0.05094744637608528,No
No,0.9949955940246582,0.005004411563277245,No
No,0.9814689755439758,0.01853100396692753,No
No,0.9543322920799255,0.045667681843042374,No
No,0.9539780616760254,0.0460219606757164,No
No,0.9993883371353149,6.116509321145713e-4,No
No,0.9994288086891174,5.711904959753156e-4,No
No,0.9881863594055176,0.011813654564321041,No
No,0.9903390407562256,0.009660941548645496,No
No,0.9901646971702576,0.00983530655503273,No
No,0.9714380502700806,0.028561962768435478,No
No,0.9991215467453003,8.784587262198329e-4,No
No,0.9994146227836609,5.853934562765062e-4,No
No,0.9927007555961609,0.007299270015209913,No
No,0.9905866384506226,0.00941338948905468,No
No,0.9928094148635864,0.007190604228526354,No
No,0.991628110408783,0.008371878415346146,No
No,0.9918667674064636,0.008133243769407272,No
No,0.9948983192443848,0.0051016914658248425,No
No,0.9851809144020081,0.014819091185927391,No
No,0.9697481989860535,0.030251795426011086,No
No,0.9509419202804565,0.04905809834599495,No
No,0.8900113105773926,0.10998866707086563,No
No,0.995822012424469,0.004178006201982498,No
No,0.9667297005653381,0.033270299434661865,No
No,0.9941993951797485,0.005800582002848387,No
No,0.9468145370483398,0.053185492753982544,No
No,0.9993259906768799,6.740090320818126e-4,No
No,0.9948930740356445,0.005106914322823286,No
No,0.9969390034675598,0.0030609816312789917,No
Yes,0.787447452545166,0.21255256235599518,No
No,0.9980851411819458,0.001914860913529992,No
No,0.9396257996559143,0.060374174267053604,No
No,0.9850488901138306,0.01495108101516962,No
No,0.9869225025177002,0.01307751052081585,No
No,0.9991954565048218,8.045730064623058e-4,No
No,0.9983745217323303,0.0016254683723673224,No
No,0.9993376135826111,6.623712833970785e-4,No
No,0.9969332218170166,0.0030667667742818594,No
No,0.9984710812568665,0.0015289459843188524,No
No,0.9925689101219177,0.007431111764162779,No
No,0.966728687286377,0.033271316438913345,No
No,0.9768758416175842,0.023124175146222115,No
No,0.8827844858169556,0.11721551418304443,No
No,0.9987539052963257,0.0012460829457268119,No
No,0.9747754335403442,0.02522459253668785,No
No,0.9880761504173279,0.011923843994736671,No
No,0.9649039506912231,0.03509607911109924,No
No,0.9990559816360474,9.43991937674582e-4,No
No,0.9874982237815857,0.012501796707510948,No
No,0.999402642250061,5.973601364530623e-4,No
No,0.9800152778625488,0.019984722137451172,No
No,0.9413458704948425,0.05865413323044777,No
No,0.9895544052124023,0.010445619001984596,No
No,0.9979099035263062,0.0020901174284517765,No
No,0.9994701743125916,5.298053729347885e-4,No
No,0.9994195699691772,5.804122192785144e-4,No
No,0.9995740056037903,4.2600883170962334e-4,No
No,0.8419162631034851,0.1580837368965149,No
No,0.9964933395385742,0.003506657900288701,No
No,0.9860016107559204,0.013998406007885933,No
No,0.9696169495582581,0.030383048579096794,No
No,0.9556360244750977,0.04436398297548294,No
No,0.998455286026001,0.0015446844045072794,No
No,0.9551372528076172,0.04486275464296341,No
No,0.9198257327079773,0.08017425984144211,No
No,0.9859240651130676,0.01407595630735159,No
No,0.9994920492172241,5.079528782516718e-4,No
No,0.9991633892059326,8.366007241420448e-4,No
No,0.996588945388794,0.0034110357519239187,No
No,0.9947303533554077,0.005269625689834356,No
No,0.9757475852966309,0.024252399802207947,No
No,0.9992039203643799,7.960856310091913e-4,No
No,0.995920717716217,0.0040793041698634624,No
No,0.9911631941795349,0.00883677788078785,No
No,0.8984852433204651,0.1015147715806961,No
No,0.9982851147651672,0.00171489710919559,No
No,0.969634473323822,0.03036550059914589,No
No,0.999520480632782,4.795389831997454e-4,No
No,0.9895467758178711,0.010453215800225735,No
No,0.9938359260559082,0.006164079532027245,No
No,0.9852216839790344,0.01477831695228815,No
No,0.9701830744743347,0.029816899448633194,No
No,0.9653508067131042,0.03464921936392784,No
No,0.9704543948173523,0.029545605182647705,No
No,0.9964566826820374,0.0035433315206319094,No
No,0.9591980576515198,0.04080196097493172,No
No,0.9800931215286255,0.019906889647245407,No
No,0.994875967502594,0.00512405950576067,No
No,0.939022958278656,0.060977064073085785,No
No,0.9963046312332153,0.003695353865623474,No
No,0.9925238490104675,0.007476150058209896,No
No,0.997941255569458,0.0020587602630257607,No
No,0.9222038984298706,0.07779613137245178,No
No,0.9319717288017273,0.0680282786488533,No
No,0.934922993183136,0.06507702171802521,No
No,0.9991686344146729,8.313534781336784e-4,No
Yes,0.7253392934799194,0.2746606767177582,No
No,0.8005306720733643,0.19946934282779694,No
No,0.9182817339897156,0.08171828836202621,No
No,0.9710562229156494,0.028943777084350586,No
No,0.9919829368591309,0.00801705103367567,No
No,0.9877516031265259,0.012248392216861248,No
No,0.9980818033218384,0.0019181892275810242,No
No,0.9826729893684387,0.01732702925801277,No
No,0.9988293051719666,0.0011707006487995386,No
No,0.9938711524009705,0.006128845736384392,No
No,0.8458532094955444,0.15414682030677795,No
No,0.9979831576347351,0.002016831189393997,No
Yes,0.5027109980583191,0.4972890019416809,No
No,0.9995366930961609,4.632773925550282e-4,No
No,0.9748493432998657,0.025150634348392487,No
No,0.9987834095954895,0.0012165994849056005,No
No,0.981532871723175,0.018467126414179802,No
No,0.9913397431373596,0.008660283870995045,No
No,0.986551821231842,0.01344818715006113,No
No,0.9792686700820923,0.020731311291456223,No
No,0.9936138987541199,0.006386072374880314,No
No,0.9988381266593933,0.0011618868447840214,No
No,0.9739513397216797,0.026048680767416954,No
No,0.9957882761955261,0.0042117503471672535,No
No,0.9522154331207275,0.04778454825282097,No
No,0.9990209937095642,9.789887117221951e-4,No
No,0.8963384628295898,0.10366155207157135,No
No,0.9648135304450989,0.03518645837903023,No
No,0.8519330024719238,0.14806699752807617,No
No,0.9919442534446716,0.008055747486650944,No
No,0.9682908654212952,0.03170911967754364,No
No,0.90712571144104,0.09287431836128235,No
No,0.8447802066802979,0.15521976351737976,No
No,0.9993003606796265,6.996658048592508e-4,No
No,0.9848268032073975,0.015173173509538174,No
No,0.9765206575393677,0.023479335010051727,No
No,0.992621898651123,0.007378087379038334,No
No,0.9995527863502502,4.471954016480595e-4,No
No,0.9992660880088806,7.339319563470781e-4,No
No,0.9912180304527283,0.008781972341239452,No
No,0.9678608775138855,0.03213910758495331,No
No,0.9059977531433105,0.09400225430727005,No
No,0.9623409509658813,0.037659045308828354,No
No,0.9854814410209656,0.014518575742840767,No
No,0.9989903569221497,0.0010096370242536068,No
No,0.9769421219825745,0.023057851940393448,No
No,0.9505698680877686,0.04943012073636055,No
No,0.9641273021697998,0.03587270528078079,No
No,0.9983543753623962,0.001645621843636036,No
No,0.9083763360977173,0.0916236862540245,No
No,0.9991086721420288,8.913241908885539e-4,No
No,0.9994096159934998,5.903760902583599e-4,No
No,0.9995059967041016,4.939789650961757e-4,No
No,0.9659448266029358,0.034055158495903015,No
No,0.9826560616493225,0.01734394207596779,No
No,0.9992240071296692,7.760167354717851e-4,No
No,0.9329237341880798,0.06707624346017838,No
No,0.9792518019676208,0.020748184993863106,No
No,0.9913137555122375,0.00868624821305275,No
No,0.9992937445640564,7.062393706291914e-4,No
No,0.9983709454536438,0.0016290389467030764,No
No,0.8182361125946045,0.18176387250423431,No
No,0.9811527132987976,0.01884729042649269,No
No,0.9933842420578003,0.006615734193474054,No
No,0.9994188547134399,5.811320734210312e-4,No
No,0.9958675503730774,0.004132425412535667,No
No,0.963401734828949,0.036598239094018936,No
No,0.8976200222969055,0.10237996280193329,No
No,0.9952051043510437,0.004794869106262922,No
No,0.9964832067489624,0.0035167864989489317,No
No,0.9994231462478638,5.768692935816944e-4,No
No,0.9953311681747437,0.00466880202293396,No
No,0.9887446761131287,0.011255349032580853,No
No,0.9993210434913635,6.789652397856116e-4,No
No,0.9926304817199707,0.007369504310190678,No
No,0.9990302324295044,9.69745044130832e-4,No
No,0.9929885268211365,0.00701149320229888,No
No,0.9953567385673523,0.0046432847157120705,No
No,0.9872664213180542,0.012733589857816696,No
No,0.9963505268096924,0.003649466671049595,No
No,0.9823916554450989,0.01760833151638508,No
No,0.9837124943733215,0.016287488862872124,No
No,0.9980018138885498,0.0019982061348855495,No
No,0.9993210434913635,6.789652397856116e-4,No
No,0.9877688884735107,0.012231137603521347,No
No,0.978662371635437,0.021337607875466347,No
No,0.840675950050354,0.1593240350484848,No
No,0.9968648552894592,0.0031351561192423105,No
No,0.9353715181350708,0.06462845951318741,No
No,0.9424570202827454,0.05754297226667404,No
No,0.9913192391395569,0.008680736646056175,No
No,0.8372818231582642,0.16271819174289703,No
No,0.9974861741065979,0.0025138333439826965,No
No,0.9889622330665588,0.011037753894925117,No
No,0.970917820930481,0.029082152992486954,No
No,0.9992843270301819,7.156684878282249e-4,No
No,0.9976320266723633,0.0023679593577980995,No
No,0.9861732721328735,0.013826707378029823,No
No,0.9993590116500854,6.410158239305019e-4,No
No,0.9422886371612549,0.05771135538816452,No
No,0.9185360670089722,0.08146395534276962,No
No,0.9899570941925049,0.010042916052043438,No
No,0.9312439560890198,0.06875605136156082,No
No,0.9984202980995178,0.0015796737279742956,No
No,0.8510971665382385,0.14890284836292267,No
No,0.9888474941253662,0.011152498424053192,No
No,0.9965223073959351,0.0034777000546455383,No
No,0.9977073669433594,0.002292622346431017,No
No,0.9991792440414429,8.207677747122943e-4,No
No,0.8297634720802307,0.17023654282093048,No
No,0.999627411365509,3.725655551534146e-4,No
No,0.9883385896682739,0.011661416850984097,No
No,0.9859358072280884,0.01406420860439539,No
No,0.9993064999580383,6.935003329999745e-4,No
No,0.9966040849685669,0.0033959359861910343,No
No,0.9679732322692871,0.0320267491042614,No
No,0.9956257939338684,0.004374209325760603,No
No,0.9995584487915039,4.415565053932369e-4,No
No,0.9772890210151672,0.022710971534252167,No
No,0.9801499843597412,0.01984998770058155,No
No,0.991509735584259,0.008490251377224922,No
No,0.975149393081665,0.024850601330399513,No
No,0.9990838766098022,9.161417256109416e-4,No
No,0.9597738981246948,0.04022612050175667,No
No,0.9883033037185669,0.01169672328978777,No
No,0.974247395992279,0.02575259655714035,No
No,0.9474595189094543,0.052540458738803864,No
No,0.9729426503181458,0.0270573440939188,No
No,0.9978398680686951,0.002160159405320883,No
No,0.9796347618103027,0.020365234464406967,No
No,0.9847617149353027,0.015238270163536072,No
No,0.9896290302276611,0.010370984673500061,No
No,0.9343920350074768,0.0656079649925232,No
Yes,0.6396294832229614,0.3603704869747162,No
No,0.8873023986816406,0.11269758641719818,No
No,0.8878928422927856,0.11210716515779495,No
No,0.9527936577796936,0.04720631614327431,No
No,0.9956138134002686,0.004386176820844412,No
No,0.9695457220077515,0.030454296618700027,No
No,0.9990820288658142,9.179482003673911e-4,No
No,0.9792214632034302,0.020778561010956764,No
No,0.9813411831855774,0.018658803775906563,No
No,0.995202898979187,0.004797099158167839,No
No,0.9992272853851318,7.72716011852026e-4,No
No,0.9995800852775574,4.1991137550212443e-4,No
No,0.9922372102737427,0.00776280602440238,No
No,0.9966378808021545,0.003362140618264675,No
No,0.9962061047554016,0.0037939168978482485,No
No,0.9973888397216797,0.0026111742481589317,No
No,0.7965664267539978,0.2034335732460022,No
No,0.9906559586524963,0.00934404507279396,No
No,0.9741179943084717,0.025882022455334663,No
No,0.9959633350372314,0.004036678001284599,No
No,0.9159865379333496,0.08401349186897278,No
No,0.9936994910240173,0.006300496868789196,No
No,0.9832246899604797,0.016775310039520264,No
No,0.9995166659355164,4.8332015285268426e-4,No
No,0.9941635727882385,0.005836398806422949,No
No,0.9981215596199036,0.001878427341580391,No
No,0.999514102935791,4.859218024648726e-4,No
No,0.9375661611557007,0.062433864921331406,No
No,0.9920058846473694,0.007994121871888638,No
No,0.9970027804374695,0.0029972412157803774,No
No,0.9920902252197266,0.007909771986305714,No
No,0.9959079027175903,0.004092100076377392,No
No,0.9671453237533569,0.03285468742251396,No
No,0.8855545520782471,0.11444546282291412,No
No,0.9927685856819153,0.007231428753584623,No
No,0.938042163848877,0.06195782870054245,No
No,0.9854627847671509,0.014537225477397442,No
No,0.9964175820350647,0.0035824021324515343,No
No,0.9984317421913147,0.0015682843513786793,No
No,0.9770798683166504,0.02292010560631752,No
No,0.9774320125579834,0.0225679911673069,No
No,0.9993391036987305,6.609131232835352e-4,No
No,0.9812972545623779,0.01870277151465416,No
No,0.9954739809036255,0.0045260097831487656,No
No,0.9125299453735352,0.08747003227472305,No
No,0.9946388602256775,0.005361126735806465,No
No,0.9849270582199097,0.015072961337864399,No
No,0.9915451407432556,0.00845484808087349,No
No,0.9878653287887573,0.012134662829339504,No
No,0.9655812382698059,0.034418754279613495,No
No,0.9987355470657349,0.0012644665548577905,No
No,0.9927418828010559,0.007258100435137749,No
No,0.8286123871803284,0.17138761281967163,No
No,0.9957570433616638,0.004242969211190939,No
No,0.933557391166687,0.06644260883331299,No
No,0.9500092267990112,0.049990784376859665,No
Yes,0.7769347429275513,0.22306522727012634,No
No,0.9984219074249268,0.0015781011898070574,No
No,0.9985027313232422,0.001497289864346385,No
No,0.9961971044540405,0.0038028880953788757,No
No,0.974051296710968,0.02594868466258049,No
No,0.9997140169143677,2.8598381322808564e-4,No
No,0.9992753267288208,7.246913737617433e-4,No
No,0.9954618215560913,0.004538205452263355,No
No,0.980938196182251,0.01906178891658783,No
No,0.9994471073150635,5.528777255676687e-4,No
No,0.9889047741889954,0.011095251888036728,No
No,0.97295743227005,0.027042584493756294,No
No,0.8872922658920288,0.1127077117562294,No
No,0.9428008198738098,0.057199183851480484,No
No,0.9875749349594116,0.012425054796040058,No
No,0.9987834095954895,0.0012165872612968087,No
Yes,0.7307816743850708,0.2692182958126068,No
No,0.9962316751480103,0.0037683360278606415,No
No,0.998634397983551,0.0013656163355335593,No
No,0.9912144541740417,0.008785543031990528,No
No,0.9598554372787476,0.04014459252357483,No
No,0.9820151925086975,0.017984827980399132,No
No,0.998610258102417,0.0013897502794861794,No
No,0.9923883676528931,0.0076116337440907955,No
No,0.9945109486579895,0.005489035043865442,No
No,0.9975320100784302,0.002467990154400468,No
No,0.9995368123054504,4.6321735135279596e-4,No
Yes,0.787224531173706,0.21277543902397156,No
No,0.9907357692718506,0.009264248423278332,No
No,0.967911422252655,0.03208857402205467,No
No,0.9721124768257141,0.027887508273124695,No
No,0.9747754335403442,0.02522459253668785,No
No,0.9993862509727478,6.137719028629363e-4,No
No,0.9886115193367004,0.0113885048776865,No
No,0.9985098838806152,0.0014901102986186743,No
No,0.9996055960655212,3.943765186704695e-4,No
No,0.936221182346344,0.06377879530191422,No
No,0.9198445081710815,0.08015549927949905,No
No,0.8796396255493164,0.12036038935184479,No
No,0.9988570809364319,0.0011429317528381944,No
No,0.9969021677970886,0.0030978305730968714,No
No,0.990365743637085,0.009634238667786121,No
No,0.9834340810775757,0.01656591147184372,No
No,0.9953168630599976,0.004683144856244326,No
No,0.998999834060669,0.0010001856135204434,No
No,0.9747754335403442,0.02522459253668785,No
No,0.9660989046096802,0.03390108793973923,No
No,0.9974188208580017,0.002581179141998291,No
No,0.9301169514656067,0.0698830708861351,No
No,0.9650914072990417,0.03490861877799034,No
No,0.9994077086448669,5.923047428950667e-4,No
No,0.9984263777732849,0.0015736432978883386,No
No,0.9975390434265137,0.002460936550050974,No
No,0.9878886938095093,0.01211131177842617,No
No,0.9960362911224365,0.003963732626289129,No
No,0.9985520839691162,0.0014479415258392692,No
No,0.8919651508331299,0.10803486406803131,No
No,0.9654856324195862,0.03451434522867203,No
No,0.999516487121582,4.835014697164297e-4,No
No,0.988081693649292,0.011918323114514351,No
No,0.9862169027328491,0.013783108443021774,No
No,0.993405818939209,0.0065941838547587395,No
No,0.9943767189979553,0.005623253528028727,No
No,0.9872374534606934,0.012762569822371006,No
No,0.9922319650650024,0.007768056355416775,No
No,0.9772374033927917,0.0227625984698534,No
No,0.9950571656227112,0.004942809697240591,No
No,0.998334527015686,0.0016654615756124258,No
No,0.9992879033088684,7.121235248632729e-4,No
No,0.9990781545639038,9.218375780619681e-4,No
No,0.9947990775108337,0.005200921092182398,No
No,0.9977387189865112,0.0022612970788031816,No
No,0.9861926436424255,0.013807359151542187,No
No,0.9964902997016907,0.003509706584736705,No
No,0.9994927644729614,5.072283674962819e-4,No
No,0.9400111436843872,0.05998886004090309,No
No,0.9995431900024414,4.5679439790546894e-4,No
No,0.8914777636528015,0.10852224379777908,No
No,0.9990261793136597,9.738170192576945e-4,No
No,0.9986596703529358,0.0013403018238022923,No
No,0.996589720249176,0.0034102771896868944,No
No,0.9828807711601257,0.017119208350777626,No
No,0.9995173811912537,4.825893265660852e-4,No
No,0.9985997676849365,0.001400252222083509,No
No,0.9858514070510864,0.014148595742881298,No
No,0.9991449117660522,8.550703641958535e-4,No
No,0.9995878338813782,4.121715319342911e-4,No
No,0.9992318153381348,7.681666756980121e-4,No
No,0.9977357387542725,0.002264264039695263,No
No,0.9958070516586304,0.004192941822111607,No
No,0.9900607466697693,0.009939281269907951,No
No,0.9959940910339355,0.00400592852383852,No
Yes,0.7170516848564148,0.2829483151435852,No
No,0.9905998706817627,0.009400100447237492,No
No,0.9807426333427429,0.01925734058022499,No
No,0.9991941452026367,8.058467064984143e-4,No
No,0.997477114200592,0.0025228913873434067,No
No,0.9682238698005676,0.031776126474142075,No
No,0.9985830783843994,0.0014169213827699423,No
No,0.9980262517929077,0.0019737693946808577,No
No,0.9960530400276184,0.00394693436101079,No
No,0.9811742305755615,0.018825791776180267,No
No,0.9857911467552185,0.014208841137588024,No
No,0.9945814609527588,0.005418546497821808,No
Yes,0.755709171295166,0.24429082870483398,No
No,0.9916917681694031,0.008308228105306625,No
No,0.9991135001182556,8.864871342666447e-4,No
Yes,0.7657557129859924,0.23424427211284637,No
No,0.832189679145813,0.167810320854187,No
No,0.9887382388114929,0.011261739768087864,No
No,0.9996213316917419,3.786568413488567e-4,No
No,0.992596447467804,0.007403557188808918,No
No,0.9968448877334595,0.0031550873536616564,No
No,0.9952305555343628,0.004769424442201853,No
No,0.9969431161880493,0.003056882182136178,No
No,0.9401119351387024,0.05988804250955582,No
No,0.9920805096626282,0.007919492200016975,No
No,0.989107608795166,0.010892361402511597,No
No,0.9897380471229553,0.01026194542646408,No
No,0.9914093613624573,0.008590633049607277,No
No,0.990250289440155,0.009749707765877247,No
Yes,0.694903552532196,0.30509644746780396,No
No,0.9967901706695557,0.0032098484225571156,No
No,0.9655812382698059,0.034418754279613495,No
No,0.9954962730407715,0.004503730218857527,No
No,0.8195013403892517,0.1804986447095871,No
No,0.9757475852966309,0.024252399802207947,No
No,0.9965652227401733,0.0034347902983427048,No
No,0.9253589510917664,0.07464106380939484,No
No,0.998256266117096,0.0017437413334846497,No
No,0.998650074005127,0.0013499039923772216,No
No,0.8404601216316223,0.1595398634672165,No
No,0.9933347105979919,0.0066652740351855755,No
No,0.9975816011428833,0.0024184000212699175,No
No,0.9715421795845032,0.028457829728722572,No
No,0.9880096912384033,0.011990307830274105,No
No,0.9905223250389099,0.009477697312831879,No
No,0.9871482253074646,0.012851795181632042,No
No,0.998976469039917,0.001023520715534687,No
No,0.9890387654304504,0.010961205698549747,No
No,0.9856370091438293,0.014362988993525505,No
No,0.9991562366485596,8.437337237410247e-4,No
No,0.9555482864379883,0.04445173218846321,No
No,0.9952257871627808,0.0047742160968482494,No
No,0.9993928074836731,6.071849493309855e-4,No
No,0.9621438384056091,0.03785616531968117,No
No,0.9927065968513489,0.007293425966054201,No
No,0.9973188638687134,0.002681161742657423,No
No,0.9993262887001038,6.737136282026768e-4,No
No,0.9883285164833069,0.011671499349176884,No
No,0.9156845211982727,0.08431550115346909,No
No,0.98158860206604,0.018411412835121155,No
No,0.9774059057235718,0.02259407564997673,No
No,0.9923381209373474,0.007661853451281786,No
No,0.9919173121452332,0.008082670159637928,No
No,0.987451434135437,0.012548589147627354,No
No,0.999160885810852,8.391104056499898e-4,No
No,0.9827630519866943,0.01723693683743477,No
No,0.9993733167648315,6.267085555009544e-4,No
Yes,0.692664623260498,0.30733534693717957,No
No,0.988261342048645,0.011738663539290428,No
No,0.9873784780502319,0.01262153871357441,No
No,0.9980897307395935,0.0019102978985756636,No
No,0.963991105556488,0.03600889444351196,No
No,0.9921773076057434,0.007822677493095398,No
No,0.9967097043991089,0.003290286986157298,No
No,0.9905646443367004,0.009435371495783329,No
No,0.9839977025985718,0.016002275049686432,No
No,0.9838770031929016,0.016122989356517792,No
No,0.9924570918083191,0.007542896084487438,No
No,0.9970166087150574,0.0029833705630153418,No
No,0.9774834513664246,0.02251654677093029,No
No,0.89075469970703125,0.10924531519412994,No
No,0.9927941560745239,0.0072058504447340965,No
No,0.9832926392555237,0.016707366332411766,No
No,0.9954872131347656,0.0045127845369279385,No
No,0.9968922734260559,0.0031077275052666664,No
No,0.9945780634880066,0.0054219369776546955,No
No,0.9989979267120361,0.0010020845802500844,No
No,0.9864075779914856,0.013592394068837166,No
No,0.8424292802810669,0.1575707346200943,No
No,0.9984335899353027,0.0015664345119148493,No
No,0.9850698709487915,0.01493015419691801,No
No,0.9973832368850708,0.0026167710311710835,No
No,0.9612076878547668,0.038792334496974945,No
No,0.982154905796051,0.017845069989562035,No
No,0.9809775948524475,0.019022392109036446,No
No,0.9099377989768982,0.090062215924263,No
No,0.9251477718353271,0.07485224306583405,No
No,0.9995954036712646,4.0458503644913435e-4,No
No,0.9591508507728577,0.04084915295243263,No
No,0.9796971678733826,0.02030283957719803,No
No,0.9473485946655273,0.052651409059762955,Yes
No,0.9754678606987,0.024532141163945198,Yes
No,0.9771867394447327,0.022813236340880394,Yes
Yes,0.7712225317955017,0.22877748310565948,Yes
No,0.9105479717254639,0.08945199847221375,Yes
Yes,0.5226619243621826,0.47733810544013977,Yes
No,0.9749964475631714,0.02500355802476406,Yes
No,0.9735424518585205,0.02645755000412464,Yes
Yes,0.7397315502166748,0.2602684497833252,Yes
Yes,0.7904131412506104,0.20958684384822845,Yes
No,0.8739060759544373,0.12609392404556274,Yes
Yes,0.2401207685470581,0.7598792314529419,Yes
No,0.978998601436615,0.021001409739255905,Yes
No,0.8196364641189575,0.18036353588104248,Yes
No,0.9892918467521667,0.010708159767091274,Yes
Yes,0.5052129030227661,0.4947870671749115,Yes
No,0.9468991756439209,0.0531008280813694,Yes
No,0.8090929985046387,0.19090703129768372,Yes
No,0.9388366341590881,0.061163369566202164,Yes
No,0.9747754335403442,0.02522459253668785,Yes
Yes,0.48629283905029297,0.513707160949707,Yes
No,0.9800763130187988,0.019923675805330276,Yes
Yes,0.7211370468139648,0.27886298298835754,Yes
No,0.9986904263496399,0.001309580635279417,Yes
No,0.9685628414154053,0.03143717348575592,Yes
No,0.9672738313674927,0.03272617980837822,Yes
No,0.8303703665733337,0.16962964832782745,Yes
Yes,0.4970998764038086,0.5029001235961914,Yes
No,0.9858147501945496,0.014185262843966484,Yes
Yes,0.20047426223754883,0.7995257377624512,Yes
No,0.8780023455619812,0.12199763208627701,Yes
No,0.8765084743499756,0.12349150329828262,Yes
Yes,0.6926825046539307,0.3073175251483917,Yes
No,0.8828622102737427,0.11713775992393494,Yes
No,0.9517769813537598,0.04822303727269173,Yes
Yes,0.7156788110733032,0.2843211591243744,Yes
No,0.938800036907196,0.061199966818094254,Yes
No,0.9951540231704712,0.004846005234867334,Yes
No,0.9171837568283081,0.08281626552343369,Yes
No,0.8486217856407166,0.15137821435928345,Yes
No,0.9867855310440063,0.013214480131864548,Yes
Yes,0.6210502982139587,0.37894970178604126,Yes
Yes,0.7640157341957092,0.23598426580429077,Yes
No,0.8740445375442505,0.1259554922580719,Yes
No,0.9293105006217957,0.07068949937820435,Yes
No,0.9585853219032288,0.04141467437148094,Yes
No,0.9516388773918152,0.04836110398173332,Yes
No,0.9798333048820496,0.020166706293821335,Yes
No,0.9798237085342407,0.02017628587782383,Yes
Yes,0.7350553274154663,0.2649447023868561,Yes
No,0.9887480139732361,0.011252001859247684,Yes
Yes,0.7424026131629944,0.2575973868370056,Yes
Yes,0.5316416621208191,0.4683583378791809,Yes
No,0.8502566814422607,0.14974334836006165,Yes
No,0.9720778465270996,0.0279221348464489,Yes
No,0.8595239520072937,0.1404760628938675,Yes
No,0.89113616943359375,0.10886385291814804,Yes
No,0.880710244178772,0.11928977817296982,Yes
No,0.8467240333557129,0.1532759815454483,Yes
No,0.8331270217895508,0.1668729931116104,Yes
No,0.937688410282135,0.0623115710914135,Yes
No,0.9287683367729187,0.0712316483259201,Yes
No,0.8838355541229248,0.11616441607475281,Yes
No,0.9583470225334167,0.04165295884013176,Yes
No,0.9845482110977173,0.015451782383024693,Yes
Yes,0.26826685667037964,0.7317331433296204,Yes
Yes,0.7566860914230347,0.24331387877464294,Yes
Yes,0.5235459804534912,0.4764540493488312,Yes
No,0.8693823218345642,0.13061769306659698,Yes
No,0.8798732757568359,0.12012675404548645,Yes
No,0.9934910535812378,0.006508976221084595,Yes
No,0.8948376774787903,0.10516230762004852,Yes
No,0.9594207406044006,0.040579281747341156,Yes
No,0.9446852207183838,0.05531476438045502,Yes
No,0.9515628218650818,0.04843716695904732,Yes
No,0.9902183413505554,0.00978165864944458,Yes
No,0.8370798230171204,0.16292016208171844,Yes
No,0.8985174298286438,0.10148254781961441,Yes
Yes,0.43330061435699463,0.5666993856430054,Yes
No,0.9543194770812988,0.045680493116378784,Yes
